cedula,nombre,apellido,email,cantidad_vehiculos,activo,direccion
98842513,Ari,Beels,abeels0@chron.com,4,0,244 Sundown Road
36605206,Grant,Guerrin,gguerrin1@about.com,40,1,93 Knutson Court
99512570,Delores,Marder,dmarder2@yolasite.com,6,0,1 Anzinger Road
97968286,Jennee,Dudman,jdudman3@4shared.com,5,0,69687 Westridge Junction
74925940,Fran,Poyner,fpoyner4@blog.com,3,1,7634 Roxbury Drive
83046155,Austina,Kincaid,akincaid5@deliciousdays.com,23,0,83 Birchwood Court
94387623,Rica,Featonby,rfeatonby6@illinois.edu,13,1,750 Carberry Plaza
46770459,Derrek,Fallis,dfallis7@chronoengine.com,50,0,44 Claremont Terrace
83015671,Inger,Di Giacomo,idigiacomo8@miitbeian.gov.cn,41,0,67 Birchwood Lane
25732340,Sawyere,Moland,smoland9@mail.ru,44,0,0184 Cambridge Court
52517124,Chance,Prothero,cprotheroa@usgs.gov,38,1,033 Shopko Junction
76262204,Freida,Brachell,fbrachellb@netvibes.com,16,1,160 Anderson Street
98677002,Alana,Taft,ataftc@walmart.com,28,1,08 Shasta Alley
10665190,Ardyce,Shackel,ashackeld@buzzfeed.com,43,0,6 Farmco Park
43216794,Ario,Brotheridge,abrotheridgee@biblegateway.com,10,1,35 Rigney Terrace
67123218,Jess,Bagshawe,jbagshawef@latimes.com,38,1,5186 Lindbergh Lane
86500864,Megan,Aloshechkin,maloshechking@woothemes.com,40,1,53 Maple Park
6831767,Karlotta,Strathern,kstrathernh@salon.com,43,0,253 Walton Road
41100101,Tanya,Fountain,tfountaini@vkontakte.ru,42,0,5568 Anderson Crossing
40553092,Andreas,Loach,aloachj@berkeley.edu,1,0,56 Thackeray Center
79858084,Betti,Sandon,bsandonk@phoca.cz,13,1,9912 Fieldstone Pass
82337133,Dyan,Giorgini,dgiorginil@wunderground.com,27,1,15 Darwin Alley
11372076,Gabi,Colin,gcolinm@vinaora.com,16,1,66378 Glacier Hill Hill
31145165,Johnnie,Kulas,jkulasn@icio.us,45,1,362 Goodland Center
8305128,Clayson,Anning,canningo@goo.ne.jp,33,1,8076 Londonderry Junction
90541654,Emmett,Veck,eveckp@un.org,47,1,79264 Eggendart Road
46788941,Terra,Yonnie,tyonnieq@google.fr,33,0,6746 Sutteridge Avenue
94531456,Lem,Laffin,llaffinr@lycos.com,29,0,66 Arkansas Hill
10044056,Renault,Cauthra,rcauthras@geocities.com,29,0,0 Arrowood Junction
36402223,Erminie,Yewdale,eyewdalet@tripadvisor.com,1,0,703 Waxwing Pass
20882003,Karil,Raw,krawu@europa.eu,50,1,5 Blue Bill Park Plaza
96451212,Christy,Sharp,csharpv@goodreads.com,4,1,2 Colorado Pass
91598103,Stormy,Phillips,sphillipsw@cyberchimps.com,44,1,69 Norway Maple Pass
10257610,Siouxie,Jeppensen,sjeppensenx@cbsnews.com,40,0,57 Colorado Terrace
32565194,Trudy,Westnedge,twestnedgey@ucsd.edu,37,1,12 Glendale Lane
9325666,Em,Poli,epoliz@imdb.com,8,0,8765 Petterle Trail
58244037,Loreen,Gammett,lgammett10@discovery.com,29,1,6 Maryland Lane
82511299,Audy,Garrand,agarrand11@hatena.ne.jp,21,0,35 Forest Run Place
15651324,Syman,Allam,sallam12@yellowbook.com,48,1,4328 Hagan Road
4318060,Ebenezer,Storrs,estorrs13@hp.com,31,1,6473 Ilene Hill
82044484,Dyane,Iacopini,diacopini14@sbwire.com,39,0,24606 Leroy Lane
91064971,Cob,Hunnicot,chunnicot15@lycos.com,42,1,68 Fisk Point
13575439,Pen,Delucia,pdelucia16@privacy.gov.au,28,1,74182 Grim Street
43416765,Filia,Erb,ferb17@squidoo.com,28,1,9 Hagan Place
13677223,Luigi,Chapier,lchapier18@fotki.com,40,0,30 Spaight Plaza
26285321,Bibbie,Gaskal,bgaskal19@ehow.com,44,0,7 Truax Plaza
4925209,Jamison,Dowbakin,jdowbakin1a@china.com.cn,16,1,7 Canary Terrace
63120925,Lisa,Dearnaly,ldearnaly1b@tinypic.com,19,1,38209 Sherman Lane
84789647,Demetre,Aizikowitz,daizikowitz1c@wordpress.com,1,0,1 Caliangt Road
59794805,Ursala,Haime,uhaime1d@miitbeian.gov.cn,47,1,747 Nobel Circle
90718024,Gabby,de Broke,gdebroke1e@merriam-webster.com,6,0,5570 Redwing Terrace
64470905,Kathryn,Westphalen,kwestphalen1f@bluehost.com,46,1,691 Mifflin Street
19373715,Muhammad,Longridge,mlongridge1g@ibm.com,16,0,9 Rowland Road
86045367,Asa,Tomaszewicz,atomaszewicz1h@seesaa.net,42,0,4 Lunder Way
94048153,Leupold,Harte,lharte1i@php.net,28,1,449 Riverside Street
55459275,Rudolfo,Drinkel,rdrinkel1j@tinypic.com,16,0,9831 Loomis Terrace
41507165,Patty,Bonney,pbonney1k@quantcast.com,2,0,13 Division Circle
68992920,Avie,Jzak,ajzak1l@mtv.com,32,1,408 Warbler Center
87619099,Kenon,Kinnear,kkinnear1m@plala.or.jp,28,1,024 Riverside Way
71182861,Gerard,Higgen,ghiggen1n@icio.us,10,1,92 8th Trail
49983634,Randee,Rhodus,rrhodus1o@vk.com,49,0,02629 Fallview Court
54311851,Carolan,Stratiff,cstratiff1p@cdbaby.com,30,0,09 Fuller Drive
89299286,Joleen,Weatherup,jweatherup1q@illinois.edu,21,1,5709 Fairfield Point
17676473,Steffi,Pounder,spounder1r@cargocollective.com,27,0,3292 Ronald Regan Point
29960051,Meara,Loudon,mloudon1s@cloudflare.com,24,1,59 Montana Junction
27465945,Sherline,Kenewell,skenewell1t@issuu.com,2,0,9 Continental Trail
94736769,Tildie,Torfin,ttorfin1u@csmonitor.com,21,1,1 Sugar Drive
71949296,Ivor,Iskowicz,iiskowicz1v@sbwire.com,28,0,00888 International Junction
29644541,Crin,Blamey,cblamey1w@hostgator.com,11,0,9015 Pearson Road
45643639,Errol,Bonifas,ebonifas1x@loc.gov,17,1,3020 Debs Way
35793961,Glynda,Frentz,gfrentz1y@blogspot.com,1,0,250 Boyd Court
7508132,Siegfried,Klebes,sklebes1z@mail.ru,34,1,1058 Muir Plaza
65460896,Emmi,Bellward,ebellward20@ehow.com,24,1,8 Victoria Terrace
75078739,Elfrida,Lively,elively21@comcast.net,23,0,0 Erie Crossing
32590505,Jinny,Jeppensen,jjeppensen22@gov.uk,13,0,6 Colorado Junction
23103981,Bernadine,Pellman,bpellman23@amazon.co.jp,38,1,7 Dexter Center
17801313,Wood,Scryne,wscryne24@narod.ru,26,1,2 Heath Junction
79346346,Darrel,Duiged,dduiged25@free.fr,21,1,46 Prairie Rose Lane
87187624,Brandy,Dzeniskevich,bdzeniskevich26@huffingtonpost.com,45,1,9267 Stone Corner Terrace
52013032,Yorke,Watton,ywatton27@jalbum.net,34,0,47 School Point
97694119,Vicki,Beever,vbeever28@youtube.com,13,0,65517 Sage Drive
36968836,Baxter,Rasell,brasell29@cdc.gov,27,1,12 Huxley Center
67039185,Cass,O'Scully,coscully2a@domainmarket.com,27,0,99258 Northridge Drive
46348127,Mikael,Grestie,mgrestie2b@ow.ly,7,0,4095 Ludington Avenue
11547584,Odella,Van den Broek,ovandenbroek2c@netlog.com,17,0,41239 Londonderry Court
92062217,Vinny,Maulkin,vmaulkin2d@myspace.com,3,0,52810 Blaine Pass
32603368,Mallory,Biermatowicz,mbiermatowicz2e@usda.gov,43,1,12901 Grayhawk Park
12846173,Jerrie,Baggs,jbaggs2f@linkedin.com,10,1,57805 Division Crossing
1949537,Orelee,Dripps,odripps2g@china.com.cn,4,0,33 Reindahl Hill
2980809,Odille,Neeves,oneeves2h@t.co,8,1,4 Sachtjen Pass
17145058,Persis,Cockran,pcockran2i@soup.io,21,1,2 Rowland Place
54103862,Celinda,Gritskov,cgritskov2j@nba.com,13,1,7 Myrtle Place
47832585,Pall,Gibke,pgibke2k@typepad.com,40,1,8495 Main Crossing
59578531,Blithe,Killcross,bkillcross2l@ucsd.edu,40,0,8 David Trail
71025438,Meridith,Arnull,marnull2m@opensource.org,37,1,6 Hayes Crossing
80560430,Elmira,Mumbray,emumbray2n@cnet.com,45,1,16122 Holy Cross Circle
8902320,Merill,Witchalls,mwitchalls2o@seattletimes.com,38,0,6 Arrowood Crossing
75436690,Chance,Tunney,ctunney2p@ocn.ne.jp,44,1,467 Fulton Way
88412979,Eliza,Craiker,ecraiker2q@com.com,2,0,2 Bartillon Park
17788443,Theo,Dallewater,tdallewater2r@chicagotribune.com,2,1,966 Brickson Park Court
9768441,Erie,Preedy,epreedy2s@dmoz.org,37,1,287 Sloan Junction
56675304,Heda,McClements,hmcclements2t@msn.com,3,1,49 Union Crossing
16192560,Diann,Mulvenna,dmulvenna2u@list-manage.com,3,1,51 Blackbird Drive
52954298,Tabbi,Frankland,tfrankland2v@columbia.edu,27,0,3048 Hanover Point
24345691,Kendre,Giacoppo,kgiacoppo2w@un.org,14,1,2 Derek Terrace
45321266,Jaquith,Balthasar,jbalthasar2x@woothemes.com,33,0,5 Novick Circle
99662653,Finley,Peto,fpeto2y@cbslocal.com,26,0,89793 Hovde Park
9079122,Garvin,Gilding,ggilding2z@webmd.com,48,1,597 Vermont Trail
41774397,Ashlen,Caldicott,acaldicott30@hhs.gov,25,0,18 Merry Alley
20159139,Marthe,Whitrod,mwhitrod31@odnoklassniki.ru,43,0,397 Texas Hill
99815218,Nicolea,Hrinchishin,nhrinchishin32@dmoz.org,50,0,98281 Sutteridge Circle
48462097,Harley,Dhennin,hdhennin33@about.me,13,0,86 Cascade Lane
41211633,Barth,Cottom,bcottom34@icq.com,9,0,0364 Haas Pass
79049158,Paulita,Mabey,pmabey35@goo.gl,16,0,33 Hoepker Center
1480575,Bendicty,Roz,broz36@cnn.com,30,1,352 Carpenter Terrace
22873371,Dion,Held,dheld37@sourceforge.net,35,1,3 Towne Avenue
50810370,Marc,Lanfare,mlanfare38@stanford.edu,8,1,7 Lunder Crossing
95504366,Joy,Iacovucci,jiacovucci39@cargocollective.com,37,1,7916 Randy Junction
56336930,Durward,Upsale,dupsale3a@domainmarket.com,43,1,7 Weeping Birch Drive
61658824,Gerianne,Ashlin,gashlin3b@exblog.jp,29,1,0558 Ryan Terrace
50021493,Forster,Strase,fstrase3c@odnoklassniki.ru,45,0,706 Amoth Crossing
28116392,Kristoforo,Dalla,kdalla3d@issuu.com,50,0,205 Village Avenue
15896291,Barbabra,Beller,bbeller3e@webeden.co.uk,25,1,18 Gateway Hill
87604774,Erl,Elderfield,eelderfield3f@auda.org.au,18,1,005 Bobwhite Way
5505266,Zackariah,Litzmann,zlitzmann3g@vk.com,24,0,46017 Buell Crossing
37814598,Travis,Weepers,tweepers3h@wikipedia.org,26,0,3303 4th Park
60358846,Tomasine,Jennens,tjennens3i@marriott.com,20,1,070 Schlimgen Way
89002521,Birk,Matejovsky,bmatejovsky3j@wp.com,29,1,4 New Castle Trail
48407838,Hildegaard,Beardshaw,hbeardshaw3k@tripod.com,47,0,36 Farragut Avenue
20363970,Greer,Hannaford,ghannaford3l@surveymonkey.com,16,0,6 Kinsman Drive
96724610,Melicent,Probyn,mprobyn3m@purevolume.com,27,0,7390 Moulton Center
44039170,Dall,Rewcastle,drewcastle3n@hp.com,47,0,19822 Kenwood Hill
44803491,Jackqueline,Stickells,jstickells3o@blog.com,13,1,9612 Garrison Terrace
38936063,Ferdinand,Clemett,fclemett3p@statcounter.com,28,0,1526 Sutteridge Trail
11732249,Nissa,Greim,ngreim3q@cbsnews.com,36,1,2 Lyons Alley
80577924,Anabelle,Sunners,asunners3r@tamu.edu,23,1,9 Acker Plaza
33018214,Kareem,Elward,kelward3s@utexas.edu,46,0,1 Northridge Terrace
33796057,Guillermo,Tolomio,gtolomio3t@hc360.com,12,0,5 Hagan Point
81215155,Tedman,Izchaki,tizchaki3u@freewebs.com,11,1,10 Becker Pass
17702600,Karla,Feely,kfeely3v@reddit.com,43,1,0640 Moose Place
13826104,Timi,Chattell,tchattell3w@free.fr,39,0,08936 Shopko Crossing
85101704,Dorolisa,Kingsnoad,dkingsnoad3x@123-reg.co.uk,26,1,039 Anniversary Avenue
65936421,Karine,Ludlom,kludlom3y@ezinearticles.com,32,1,53 Crowley Crossing
49278271,Halie,Cattellion,hcattellion3z@opera.com,33,1,12439 Crest Line Terrace
78827993,Debby,Sancroft,dsancroft40@fema.gov,34,0,2 8th Alley
37310004,Mellie,Fitzsimons,mfitzsimons41@indiegogo.com,22,1,140 Walton Parkway
11496143,Finn,Gilliam,fgilliam42@oakley.com,47,1,6 Porter Junction
99935105,Eulalie,Richfield,erichfield43@blog.com,47,0,78 Summer Ridge Point
25433344,Caron,Branch,cbranch44@weebly.com,14,0,5 Tennessee Trail
74959131,Cathyleen,Perfect,cperfect45@apple.com,2,0,58637 Rigney Center
40830778,Sibby,Trussell,strussell46@globo.com,50,0,7306 Daystar Park
60299236,Georgeanne,Knok,gknok47@istockphoto.com,6,1,5461 Caliangt Court
53257388,Lynnea,Hebble,lhebble48@taobao.com,11,1,9 Haas Junction
24018800,D'arcy,Reen,dreen49@columbia.edu,20,0,660 Hudson Road
94148601,Halsy,Lagen,hlagen4a@yahoo.co.jp,49,0,77 Myrtle Court
37366864,Doralin,Colenutt,dcolenutt4b@i2i.jp,4,1,126 Vahlen Drive
49854994,Iorgo,Pedro,ipedro4c@statcounter.com,29,1,72660 Duke Pass
23111928,Gaby,Crothers,gcrothers4d@reddit.com,13,1,96470 Golf View Alley
9357189,Kellyann,Ruddiman,kruddiman4e@booking.com,39,0,976 Browning Plaza
43350233,Reiko,Giorgielli,rgiorgielli4f@discovery.com,48,1,382 Marquette Hill
81885512,Chantal,Beney,cbeney4g@istockphoto.com,37,1,17522 Hansons Court
48234975,Grayce,Inkin,ginkin4h@e-recht24.de,49,1,9 Main Point
59485849,Donovan,Stanley,dstanley4i@simplemachines.org,17,1,957 Dexter Park
73019145,Garnet,Grewe,ggrewe4j@usgs.gov,7,1,2 Clemons Way
140791,Chariot,Denizet,cdenizet4k@clickbank.net,36,0,345 Clemons Terrace
17401194,Puff,Sloane,psloane4l@friendfeed.com,15,0,78612 Sherman Trail
15627358,Lindsey,Derges,lderges4m@infoseek.co.jp,36,0,13 Namekagon Drive
69468987,Rafa,Arons,rarons4n@npr.org,3,1,429 Eagle Crest Hill
19568102,Maureene,Croughan,mcroughan4o@hao123.com,27,1,3 Doe Crossing Place
32817735,Saudra,Etchingham,setchingham4p@fema.gov,35,0,24 Fisk Plaza
79851727,Appolonia,Ferreiro,aferreiro4q@usatoday.com,1,0,88 Prairieview Alley
3949225,Wendell,Marchello,wmarchello4r@redcross.org,8,1,91 Forest Run Pass
70534111,Sky,Browett,sbrowett4s@nifty.com,4,1,474 Johnson Terrace
54161033,Ethel,Jennery,ejennery4t@prweb.com,39,0,0722 Express Circle
33522760,Blinni,Cobello,bcobello4u@nih.gov,34,1,5 Novick Point
71988718,Timmy,Sowrey,tsowrey4v@ca.gov,8,0,889 4th Park
94959237,Darb,Filde,dfilde4w@quantcast.com,27,0,2696 Northview Crossing
69632850,Josey,Reddy,jreddy4x@mozilla.com,11,0,6 Surrey Plaza
25516497,Karalynn,Juett,kjuett4y@netscape.com,38,0,49812 Del Sol Hill
49897548,Amalea,Barthelemy,abarthelemy4z@hatena.ne.jp,42,1,16 Valley Edge Pass
11832266,Eolande,Birrane,ebirrane50@oracle.com,8,0,98 Fordem Way
41002206,Colette,Bilofsky,cbilofsky51@altervista.org,7,1,4824 Eagan Center
21159100,Biron,Bebb,bbebb52@princeton.edu,38,1,68158 High Crossing Trail
88493449,Powell,Mowle,pmowle53@freewebs.com,23,0,47 Reinke Park
56822775,Klement,Yarnell,kyarnell54@state.tx.us,34,1,30625 Ramsey Pass
80748321,Bonnibelle,Woolway,bwoolway55@economist.com,5,0,70282 Walton Street
10931189,Phebe,Groom,pgroom56@whitehouse.gov,10,1,68 Golf Course Trail
9753445,Locke,Ronchi,lronchi57@ustream.tv,12,0,15142 Cody Lane
56024975,Zebulon,Shatford,zshatford58@usa.gov,41,0,6035 Brentwood Street
71064361,Tarah,Brabbins,tbrabbins59@jugem.jp,11,0,17 Eastlawn Trail
83090276,Jennie,Yapp,jyapp5a@multiply.com,8,0,2134 Mallard Place
6800965,Loree,Fozzard,lfozzard5b@infoseek.co.jp,11,0,9 Rusk Hill
97299002,Burty,Whaplington,bwhaplington5c@barnesandnoble.com,37,1,65624 Gateway Road
47926,Greg,Twitchings,gtwitchings5d@huffingtonpost.com,6,0,59 Sunfield Parkway
70711644,Pail,Galloway,pgalloway5e@php.net,2,1,6 Charing Cross Terrace
39618427,Jemmie,Yockley,jyockley5f@themeforest.net,21,0,2 Myrtle Pass
24138590,Chickie,Uren,curen5g@163.com,7,1,5733 Anthes Circle
48549658,Zelma,Warters,zwarters5h@gnu.org,30,1,08 Derek Center
26721877,Karina,Chifney,kchifney5i@scientificamerican.com,2,1,9428 Killdeer Point
54613154,Haley,Roskilly,hroskilly5j@google.cn,8,0,7 Blue Bill Park Plaza
60984714,Anatol,Rumbold,arumbold5k@economist.com,10,0,85 Mitchell Place
91488819,Alastair,Attwater,aattwater5l@blog.com,12,1,5790 Hanson Pass
85651219,Philis,Canero,pcanero5m@guardian.co.uk,41,0,15062 Schmedeman Center
43110445,Ermin,Arthars,earthars5n@spotify.com,28,1,3922 Algoma Terrace
88679875,Winnie,Millmoe,wmillmoe5o@yolasite.com,13,1,010 Summit Drive
63645250,Quinta,Greneham,qgreneham5p@mac.com,41,1,236 Main Lane
11399166,Agnella,O' Dooley,aodooley5q@naver.com,30,0,0494 Granby Place
1938636,Janet,Laurie,jlaurie5r@quantcast.com,38,1,27530 Mosinee Junction
46670968,Ellyn,Gadson,egadson5s@hugedomains.com,45,0,64061 Rockefeller Hill
65547296,Nanny,Kordas,nkordas5t@com.com,5,1,3 1st Place
34351539,Orton,Fleetham,ofleetham5u@slideshare.net,39,0,9 Memorial Circle
54209842,Mara,Caudwell,mcaudwell5v@senate.gov,22,0,2 Schiller Avenue
57414857,Darlene,Couves,dcouves5w@free.fr,40,0,1 Lunder Court
39000467,Audra,Rennison,arennison5x@pcworld.com,6,0,0418 Sage Trail
59092856,Camellia,Brooking,cbrooking5y@vkontakte.ru,32,1,5276 Crownhardt Plaza
24458651,Storm,Button,sbutton5z@istockphoto.com,3,0,61500 Morning Drive
47311467,Mick,Beggan,mbeggan60@networksolutions.com,17,1,3341 Jackson Road
65463963,Simmonds,Matonin,smatonin61@spotify.com,15,0,067 Ilene Place
84403538,Nicholle,Curtain,ncurtain62@whitehouse.gov,14,0,95798 Schiller Circle
61764938,Vanny,McComb,vmccomb63@si.edu,31,0,60739 Amoth Junction
98808164,Huntley,Walkowski,hwalkowski64@thetimes.co.uk,3,0,5547 Katie Junction
5741504,Issie,McKomb,imckomb65@wikipedia.org,8,1,1252 Daystar Avenue
15658704,Katharyn,Loadsman,kloadsman66@devhub.com,28,0,64066 Delaware Terrace
75491325,Tarrance,Manclark,tmanclark67@acquirethisname.com,19,1,595 Grasskamp Crossing
29296827,Euell,Denisyev,edenisyev68@meetup.com,2,1,22 Thompson Point
17365262,Nevile,Tams,ntams69@xing.com,37,0,7712 Fair Oaks Hill
88403651,Karoly,Cafferky,kcafferky6a@deliciousdays.com,43,0,38 Gateway Circle
43497265,Tamma,Roan,troan6b@alexa.com,22,1,257 Sherman Drive
91682874,Andriette,McGilvra,amcgilvra6c@google.com.au,46,0,2 Thackeray Point
60177815,Florian,Gauvin,fgauvin6d@eventbrite.com,23,0,7 Grasskamp Circle
62997823,Jesus,Wykes,jwykes6e@dedecms.com,22,1,25 Dawn Terrace
16153286,Kennett,Ball,kball6f@godaddy.com,25,0,42804 Killdeer Lane
84937019,Giusto,Toffler,gtoffler6g@toplist.cz,2,0,1080 Elgar Lane
22435081,Barby,Blaszczak,bblaszczak6h@theglobeandmail.com,24,0,83 Green Court
52808484,Gracie,Huish,ghuish6i@canalblog.com,29,0,80 Oneill Hill
20270952,Sela,Scanderet,sscanderet6j@berkeley.edu,23,1,8 Prairieview Park
31518731,Alair,Kunert,akunert6k@fastcompany.com,43,0,1 Schurz Street
1670370,Charmian,Grimsley,cgrimsley6l@opera.com,43,1,3 Little Fleur Road
75759197,Barbe,Klyn,bklyn6m@mapy.cz,18,1,6620 3rd Hill
97960356,Wilton,Duligal,wduligal6n@blogtalkradio.com,17,0,1 Lillian Court
42265002,Trueman,Seville,tseville6o@delicious.com,39,0,02 Vermont Drive
19645465,Abran,Spofforth,aspofforth6p@wix.com,35,1,41289 Claremont Circle
25852199,Mureil,McQuillan,mmcquillan6q@webs.com,27,1,20 2nd Place
53410640,Karlens,Rintoul,krintoul6r@elpais.com,9,0,44037 Londonderry Avenue
88278450,Waring,Bullar,wbullar6s@wikia.com,6,0,5048 Brickson Park Way
7227350,Berkley,Lage,blage6t@nifty.com,41,0,812 Porter Avenue
87166240,Lucienne,Robbel,lrobbel6u@ifeng.com,9,1,662 Little Fleur Circle
86930406,Issi,Beechcraft,ibeechcraft6v@ed.gov,46,1,1 Pearson Circle
68426499,Jackquelin,O'Currigan,jocurrigan6w@umn.edu,25,0,2 La Follette Trail
1130790,Licha,Pinard,lpinard6x@guardian.co.uk,40,0,05008 Browning Alley
79541935,Cassi,Pennycook,cpennycook6y@state.tx.us,40,0,12527 Hooker Center
659633,Ayn,Goodhand,agoodhand6z@bravesites.com,47,1,2 Tomscot Alley
78883128,Sarina,Whitmell,swhitmell70@cpanel.net,43,1,517 New Castle Court
49007396,Ferne,Lorinez,florinez71@marketwatch.com,1,0,6022 Mcbride Park
71247402,Courtney,Monteath,cmonteath72@fotki.com,36,0,0904 Farmco Junction
97954683,Rob,Rawne,rrawne73@fastcompany.com,38,1,58 Maryland Pass
33154219,Eal,Quiddihy,equiddihy74@google.de,1,1,38 Stoughton Hill
38042861,Gran,Derrell,gderrell75@ed.gov,22,1,21 Bluestem Alley
22029581,Rand,Grand,rgrand76@answers.com,15,1,226 Mallard Place
14884758,Remus,Beechcraft,rbeechcraft77@istockphoto.com,25,0,952 East Parkway
77775534,Benedetta,Haysman,bhaysman78@biglobe.ne.jp,18,1,2859 Kensington Avenue
42312002,Lebbie,Habbal,lhabbal79@eepurl.com,28,1,71 Orin Circle
85094144,Kati,Rous,krous7a@geocities.jp,30,1,92 Eggendart Alley
23059444,Sharla,Schoroder,sschoroder7b@jalbum.net,44,0,5929 Main Drive
5296695,Denise,Pyke,dpyke7c@businessinsider.com,22,1,082 Northwestern Center
39668817,Dari,Davidow,ddavidow7d@sogou.com,20,1,92 Pennsylvania Trail
58589564,Augie,Degoey,adegoey7e@businesswire.com,39,0,99 Alpine Avenue
89519735,Yvonne,Rousell,yrousell7f@blinklist.com,24,0,93906 East Plaza
89353971,Jarrid,Carleton,jcarleton7g@surveymonkey.com,21,0,58988 Troy Terrace
41662250,Kellia,Wakerley,kwakerley7h@dropbox.com,50,0,31 Comanche Terrace
80656431,Iggy,Brunsen,ibrunsen7i@globo.com,37,1,704 Eggendart Place
17461463,Norene,Tomenson,ntomenson7j@hostgator.com,6,1,92 Fisk Terrace
93853875,Sanders,Russel,srussel7k@msu.edu,42,1,5 Redwing Pass
20327431,Immanuel,Bulger,ibulger7l@wired.com,24,0,77539 Gina Point
6955964,Barby,McBay,bmcbay7m@bbb.org,40,0,29848 Shoshone Pass
41172264,Glendon,Boyce,gboyce7n@youtube.com,17,1,512 Pine View Court
69556854,Rodie,Bonifacio,rbonifacio7o@abc.net.au,32,0,1981 Northridge Point
19580964,Davy,Carrabott,dcarrabott7p@arizona.edu,21,0,2 Maple Crossing
16850352,Gill,Woodison,gwoodison7q@yale.edu,22,0,352 5th Crossing
56315332,Candis,Bratton,cbratton7r@dagondesign.com,37,0,77 South Street
45351602,Kerstin,McCann,kmccann7s@sfgate.com,37,0,146 Lakewood Gardens Hill
25406802,Amos,Pedroli,apedroli7t@ucoz.ru,44,0,753 Arapahoe Circle
79909040,Michail,Meeland,mmeeland7u@bing.com,41,0,55 Fieldstone Parkway
75759428,Savina,Broxton,sbroxton7v@smugmug.com,19,0,488 John Wall Pass
91769973,Brittaney,Cokayne,bcokayne7w@bigcartel.com,5,1,5622 Bobwhite Lane
19421265,Alanah,Banthorpe,abanthorpe7x@toplist.cz,5,1,0882 Hovde Road
44794865,Erie,Mepsted,emepsted7y@chicagotribune.com,26,0,91 Lien Place
8402382,Alethea,MacTimpany,amactimpany7z@list-manage.com,23,0,72650 Rockefeller Junction
1527473,Lonnie,Cuttler,lcuttler80@friendfeed.com,32,0,1723 School Hill
58152993,Sollie,Napton,snapton81@unblog.fr,29,1,6 Northfield Circle
43710644,Mignon,McGreal,mmcgreal82@wsj.com,34,0,5537 Dennis Trail
23590555,Alta,Wick,awick83@ft.com,31,0,987 Knutson Junction
1748785,Sue,Tranmer,stranmer84@blogger.com,45,1,0 Graedel Drive
722532,Jacqui,Reid,jreid85@omniture.com,35,1,6582 Lakeland Center
42870318,Kristofer,Freshwater,kfreshwater86@biblegateway.com,43,1,801 Del Mar Junction
85229983,Cyndy,Newcome,cnewcome87@cam.ac.uk,23,0,78518 Linden Court
15972581,Raquela,Ridgewell,rridgewell88@sciencedaily.com,45,0,0391 Lakeland Plaza
96627698,Randa,Reast,rreast89@blogtalkradio.com,5,1,95 Heath Point
73023545,Nicolina,Guirard,nguirard8a@comsenz.com,4,0,2 Grim Drive
68134043,Ilyse,O'Meara,iomeara8b@so-net.ne.jp,31,1,43979 Stone Corner Parkway
92073685,Brit,Kenny,bkenny8c@mit.edu,24,1,8379 Bayside Lane
7051119,Marshal,Stitcher,mstitcher8d@skyrock.com,21,1,4065 Transport Drive
12973334,Melba,Ruberti,mruberti8e@un.org,36,1,6 Kropf Plaza
17094026,Templeton,Moorwood,tmoorwood8f@webmd.com,24,0,38225 Dorton Circle
70061722,Shurlock,Coyne,scoyne8g@wix.com,16,0,98057 Carey Way
45499271,Fae,Casino,fcasino8h@free.fr,43,1,90 Delladonna Pass
38115651,Arther,Batrim,abatrim8i@mozilla.org,31,1,2795 Northport Lane
62720967,Meg,Edowes,medowes8j@stanford.edu,22,0,410 4th Plaza
55763776,Olivier,Playden,oplayden8k@mozilla.org,47,1,0542 Russell Point
98239033,Yovonnda,Galbraeth,ygalbraeth8l@sfgate.com,34,1,3 Redwing Parkway
85655389,Zolly,Dilloway,zdilloway8m@usatoday.com,24,1,2 Gateway Place
34841275,Binky,Ibeson,bibeson8n@1688.com,8,0,1184 Muir Avenue
10959611,Vivi,Bachelor,vbachelor8o@google.com.au,17,0,41 Karstens Circle
15209232,Ara,Howey,ahowey8p@purevolume.com,47,1,46753 Barby Alley
21368308,Austine,Kmieciak,akmieciak8q@comcast.net,28,1,37150 Eggendart Plaza
8089480,Evita,Clitheroe,eclitheroe8r@discuz.net,42,1,9244 Sachtjen Court
15443943,Caryl,Rubinsaft,crubinsaft8s@deviantart.com,20,1,1 Troy Junction
27326458,Rana,Overel,roverel8t@latimes.com,2,0,225 Comanche Way
93980021,Sigrid,Dudbridge,sdudbridge8u@youku.com,34,1,543 Petterle Parkway
77782931,Lianne,Elecum,lelecum8v@wikia.com,44,1,97831 Menomonie Crossing
33282520,Inger,Denziloe,idenziloe8w@blog.com,50,0,55 Toban Hill
18778336,Avivah,Uzzell,auzzell8x@deliciousdays.com,48,1,306 Norway Maple Hill
35197868,Rochette,Feasby,rfeasby8y@lulu.com,34,0,44 Warner Parkway
59488042,Cassie,Fortoun,cfortoun8z@biglobe.ne.jp,21,1,49 Michigan Junction
85938166,Magdalen,Gage,mgage90@bbb.org,1,0,5034 Packers Circle
10462345,Baron,Cottle,bcottle91@vinaora.com,43,1,800 Crownhardt Street
65338348,Inge,Poleykett,ipoleykett92@phpbb.com,46,1,8 Derek Place
30870231,Dougie,Onyon,donyon93@ted.com,24,0,506 Crowley Point
33147499,Lia,Rubenchik,lrubenchik94@usda.gov,33,0,20912 Anzinger Alley
315838,Wendy,Joyce,wjoyce95@storify.com,28,1,44385 Iowa Terrace
6002838,Vasily,Scritch,vscritch96@hubpages.com,40,0,66581 Summerview Crossing
9298079,Hunter,Curme,hcurme97@reddit.com,36,0,315 Birchwood Hill
85403921,Brade,Bootton,bbootton98@about.me,23,1,254 Marcy Alley
54166714,Cami,Caro,ccaro99@joomla.org,25,0,9 Brickson Park Junction
92817582,Frederica,Kliner,fkliner9a@webs.com,27,0,77 Beilfuss Street
39164111,Nobe,Leftwich,nleftwich9b@squarespace.com,45,1,48185 Crescent Oaks Way
99404912,Morley,Glassopp,mglassopp9c@reference.com,12,0,3716 Golf Trail
49439845,Homerus,Von Der Empten,hvonderempten9d@mapy.cz,21,1,8735 Cardinal Parkway
28664434,Adair,Maddams,amaddams9e@nbcnews.com,32,1,8113 Reinke Terrace
66008397,Hank,Kennermann,hkennermann9f@newsvine.com,33,0,6504 Holmberg Plaza
89630082,Aurie,Bertome,abertome9g@dion.ne.jp,24,0,156 Paget Court
38496233,Anne-corinne,Chaytor,achaytor9h@jalbum.net,45,1,5498 Jana Drive
90529832,Maribelle,Pecey,mpecey9i@moonfruit.com,6,1,3 Cody Circle
38324610,Joe,McAnellye,jmcanellye9j@reference.com,14,0,5134 Alpine Drive
23484078,Stephanus,Winder,swinder9k@latimes.com,25,0,8447 Thackeray Alley
71241911,Silvio,Cominotti,scominotti9l@mail.ru,34,1,437 Victoria Crossing
90819994,Salem,Gyorffy,sgyorffy9m@illinois.edu,44,0,004 Nobel Center
16267510,Roxanne,Pelham,rpelham9n@nps.gov,19,0,06079 Fair Oaks Center
49205437,Isa,Kaaskooper,ikaaskooper9o@trellian.com,47,0,59 Muir Pass
11995534,Kameko,Vanlint,kvanlint9p@hc360.com,33,0,5845 Holmberg Alley
43103125,Gus,Konke,gkonke9q@netlog.com,46,0,6840 Bellgrove Park
98436940,Marna,Filliskirk,mfilliskirk9r@redcross.org,40,1,3840 Waubesa Plaza
13422223,Cully,Munt,cmunt9s@state.tx.us,40,1,29085 Pleasure Pass
60884504,Trueman,Gomez,tgomez9t@blogs.com,16,0,71 Main Place
77481204,Nikaniki,Atwel,natwel9u@va.gov,32,1,924 Dunning Crossing
24788360,Luce,Twitchings,ltwitchings9v@squidoo.com,13,0,1 Linden Terrace
32611973,Keenan,Turn,kturn9w@usatoday.com,13,0,549 Continental Trail
93726504,Trev,McKearnen,tmckearnen9x@youtube.com,50,0,4219 Russell Terrace
96255694,Nataniel,Smurfit,nsmurfit9y@bluehost.com,4,1,80901 Norway Maple Alley
81982847,Gil,Busek,gbusek9z@oaic.gov.au,26,1,485 Truax Park
27112946,Toni,Arnoll,tarnolla0@mlb.com,28,0,17708 Lighthouse Bay Circle
44028589,Dick,Cumes,dcumesa1@berkeley.edu,20,0,27537 Harper Plaza
16144552,Hallsy,Chittock,hchittocka2@xrea.com,11,1,80 Birchwood Pass
94947220,Keir,Weddeburn - Scrimgeour,kweddeburnscrimgeoura3@jugem.jp,31,1,03 Pankratz Lane
35985806,Alec,Neat,aneata4@nydailynews.com,47,1,7395 Drewry Point
71419720,Fulvia,Betje,fbetjea5@trellian.com,40,1,85 Swallow Pass
85396987,Tanner,Ponter,tpontera6@tinyurl.com,34,1,24682 Fremont Pass
3154069,Sisile,Leet,sleeta7@washingtonpost.com,32,0,2156 Armistice Circle
63989196,Kellie,Le Prevost,kleprevosta8@wisc.edu,33,1,8 Ilene Crossing
15057001,Lucina,Jurges,ljurgesa9@wix.com,23,0,6853 Crownhardt Pass
4529988,Akim,Seywood,aseywoodaa@ucla.edu,42,1,10 Bobwhite Pass
68016385,Milly,Landrick,mlandrickab@admin.ch,44,1,949 Valley Edge Pass
20548359,Jacquette,Grinston,jgrinstonac@indiegogo.com,41,1,39 Dovetail Way
28154927,Gerry,Trenbay,gtrenbayad@earthlink.net,22,1,0 Messerschmidt Terrace
85597960,Tedda,Pheasant,tpheasantae@weebly.com,4,1,30 Springview Plaza
4240387,Jessa,Gonnin,jgonninaf@cyberchimps.com,3,0,408 Garrison Park
67417507,Carry,Walder,cwalderag@imdb.com,28,1,0 Pankratz Lane
77647662,Ariel,Woolland,awoollandah@devhub.com,45,1,922 Sugar Pass
71599469,Ferd,Tremelling,ftremellingai@unc.edu,15,1,93299 Bonner Pass
7603337,Gwyn,Moulden,gmouldenaj@ocn.ne.jp,31,1,7058 Homewood Junction
83291256,Hansiain,Clutheram,hclutheramak@technorati.com,4,1,78466 Sugar Avenue
28437864,Verile,Imlach,vimlachal@princeton.edu,20,0,3508 Delaware Parkway
59680604,Freddi,Atwill,fatwillam@tinypic.com,16,0,2 Independence Park
17707275,Farr,Rennocks,frennocksan@nyu.edu,32,1,304 Oxford Circle
77246077,Hilario,Conant,hconantao@salon.com,25,1,7786 Elmside Junction
81697129,Kizzie,Inge,kingeap@icio.us,4,0,0 Monterey Place
39144857,Adriana,Duchart,aduchartaq@blogger.com,39,1,3 Fairfield Plaza
42475100,Diannne,Brothwood,dbrothwoodar@dmoz.org,29,1,1 Northfield Crossing
76156283,Rebe,Mcasparan,rmcasparanas@quantcast.com,38,0,00 Gina Drive
37072110,Nevin,Yoxall,nyoxallat@g.co,50,1,93976 Pine View Center
1921283,Ardyce,Feitosa,afeitosaau@go.com,2,1,26 Dahle Plaza
6338685,Solomon,Saffe,ssaffeav@geocities.com,41,0,343 Pankratz Trail
22705597,Lyndel,Avieson,laviesonaw@cisco.com,3,0,2031 Hauk Hill
78454424,Goddart,MacSharry,gmacsharryax@google.nl,45,0,53366 Lunder Trail
36109239,Calla,Bockmann,cbockmannay@intel.com,34,1,73925 Little Fleur Center
78870878,Luz,Dixey,ldixeyaz@mlb.com,29,1,36 Birchwood Place
99850394,Krissie,Ryan,kryanb0@theatlantic.com,21,1,6 Moulton Place
76861696,Rhody,Humbles,rhumblesb1@nih.gov,48,0,010 Northwestern Court
54563669,Walden,MacSwayde,wmacswaydeb2@etsy.com,38,1,14004 Oak Valley Court
63897202,Anastasia,Langton,alangtonb3@fda.gov,11,0,3 East Center
20366824,Brice,Huntingford,bhuntingfordb4@earthlink.net,26,0,917 Autumn Leaf Trail
58672467,Hilde,Mannagh,hmannaghb5@goo.gl,44,0,33 Bashford Street
94290681,Hettie,Kenwell,hkenwellb6@dell.com,35,0,1131 Anzinger Pass
4443570,Araldo,Allibone,aalliboneb7@phpbb.com,21,1,0137 Hauk Avenue
46464445,Lenora,Glacken,lglackenb8@ftc.gov,24,1,7 Bultman Place
88230018,Mamie,MacRedmond,mmacredmondb9@etsy.com,19,1,86 Schmedeman Hill
53748290,Ashton,Mozzi,amozziba@wsj.com,35,1,293 Dottie Point
7532321,Ivan,Farens,ifarensbb@histats.com,29,0,309 Gina Center
12248863,Rosemarie,Steggles,rstegglesbc@ed.gov,39,1,00 Mockingbird Park
98817284,Toby,Rapinett,trapinettbd@bigcartel.com,25,1,68260 Forest Dale Parkway
93776952,Grannie,Badby,gbadbybe@moonfruit.com,33,0,79738 Russell Place
57084679,Lin,Veljes,lveljesbf@un.org,28,1,01762 Prairie Rose Road
71630473,Anett,Inskipp,ainskippbg@usatoday.com,22,1,15468 Thackeray Circle
35851526,Zia,Findlow,zfindlowbh@yale.edu,33,1,56 Northfield Crossing
69603112,Nonie,Faulconbridge,nfaulconbridgebi@spiegel.de,23,0,15 Esker Plaza
67971329,Noah,Vanin,nvaninbj@oracle.com,3,0,0 Express Center
54670096,Yurik,Simonich,ysimonichbk@moonfruit.com,46,1,0 Longview Plaza
17628156,Bondon,Eat,beatbl@moonfruit.com,44,1,2637 Pine View Circle
51036207,Fionnula,Mecozzi,fmecozzibm@domainmarket.com,50,0,73 Colorado Street
39692114,Galina,Tourville,gtourvillebn@mozilla.com,27,1,2967 Kennedy Crossing
62699924,Edgar,Frears,efrearsbo@dailymotion.com,11,0,8 Autumn Leaf Hill
68190782,Dewey,Snelson,dsnelsonbp@instagram.com,43,1,670 Moulton Center
4114988,Barbabra,Breese,bbreesebq@pbs.org,23,0,66 Forster Junction
70320681,Paxton,Kiddle,pkiddlebr@globo.com,9,0,2184 Almo Alley
80470996,Neile,Aucourte,naucourtebs@army.mil,21,1,916 Forest Run Crossing
64656637,Berny,Palfrie,bpalfriebt@over-blog.com,11,1,752 Shoshone Center
60426301,Lydie,Leckenby,lleckenbybu@scientificamerican.com,34,0,2 Homewood Lane
29573637,Coraline,Wint,cwintbv@irs.gov,14,0,4943 Sommers Plaza
79484799,Sigismondo,Harman,sharmanbw@themeforest.net,33,0,68 Gulseth Drive
96902033,Joice,Schuh,jschuhbx@weather.com,21,1,884 Mockingbird Avenue
22046290,Karney,Allewell,kallewellby@parallels.com,32,0,5516 Tennyson Center
12313802,Clarinda,Gudd,cguddbz@marketwatch.com,15,0,98 Scott Drive
88590700,Agnola,McKibbin,amckibbinc0@businesswire.com,41,0,859 South Pass
8873516,Lilas,Canon,lcanonc1@storify.com,15,0,43089 Crescent Oaks Drive
74373644,Ros,Gamell,rgamellc2@goodreads.com,50,1,3 Upham Street
93416694,Terrell,Cuthbert,tcuthbertc3@pinterest.com,33,0,028 Portage Pass
74547846,Fifine,Gayden,fgaydenc4@jalbum.net,37,0,41390 Birchwood Way
76432317,Tamar,Dillistone,tdillistonec5@unc.edu,20,0,9 Eastlawn Road
3002231,Orella,Arni,oarnic6@apache.org,27,1,9 Ohio Lane
90312368,Nichols,Pinches,npinchesc7@usda.gov,38,1,018 Northfield Junction
99856076,Tabby,Shearsby,tshearsbyc8@bbb.org,26,1,0 Jenifer Hill
75517418,Teri,Planks,tplanksc9@earthlink.net,45,1,6830 Stephen Circle
20530630,Clovis,Hazelby,chazelbyca@histats.com,35,0,48 Calypso Plaza
15228948,Victor,Wason,vwasoncb@reverbnation.com,27,1,3 Spaight Hill
7286478,Fran,Joye,fjoyecc@weibo.com,29,1,28 Dorton Crossing
3896090,Joscelin,Braun,jbrauncd@businessinsider.com,21,1,0228 Garrison Court
22413652,Mollee,Barling,mbarlingce@shop-pro.jp,29,0,5342 Muir Pass
12162831,Dennie,Fowden,dfowdencf@weibo.com,22,1,7 Sunbrook Parkway
24804990,Haydon,Parrish,hparrishcg@imdb.com,1,1,3 Express Park
99933344,Verne,Colvin,vcolvinch@youtu.be,4,1,65 Maple Street
22749834,Correy,Lghan,clghanci@cornell.edu,43,0,0262 Aberg Street
49471805,Micheline,McClements,mmcclementscj@wufoo.com,35,0,213 Sycamore Point
51896550,Lezlie,Wigfield,lwigfieldck@telegraph.co.uk,43,1,705 Ridgeview Way
228974,Izaak,Kemery,ikemerycl@loc.gov,44,1,49465 Heath Avenue
65121333,Stuart,Robart,srobartcm@sbwire.com,15,0,2995 Grim Road
40297159,Kirbee,McIlwain,kmcilwaincn@hugedomains.com,7,1,7 Oxford Way
84841802,Oriana,Stubbert,ostubbertco@trellian.com,30,1,59712 Ronald Regan Junction
63543423,Norry,Spores,nsporescp@nih.gov,24,0,15 Trailsway Place
34756742,Andrej,Briskey,abriskeycq@hatena.ne.jp,29,1,342 Forster Trail
31042584,Harriette,Point,hpointcr@constantcontact.com,33,1,24 Anzinger Park
21924473,Bernarr,Lain,blaincs@weebly.com,38,0,3449 Arizona Place
22835810,Ansel,Haugh,ahaughct@discuz.net,50,0,11600 Dottie Way
88255078,Agnesse,Raffan,araffancu@wordpress.org,36,1,61399 Stephen Way
77159233,Boyd,Danigel,bdanigelcv@quantcast.com,49,0,45 Barby Crossing
62508952,Caroljean,Frankish,cfrankishcw@webeden.co.uk,32,0,8 Nobel Alley
45194644,Zahara,Maharry,zmaharrycx@dropbox.com,27,0,72 Westend Center
55216513,Heddie,Grimmolby,hgrimmolbycy@loc.gov,40,1,43 Chinook Trail
66831620,Grannie,Wayte,gwaytecz@berkeley.edu,44,0,81 Dakota Alley
68430517,Niles,Spanswick,nspanswickd0@blogspot.com,3,0,595 Fremont Circle
75800439,Eba,Wimpey,ewimpeyd1@ow.ly,46,0,8693 Jenifer Park
64913195,Rock,Braferton,rbrafertond2@about.me,21,1,2973 Coleman Parkway
21037672,Vaughan,Cazereau,vcazereaud3@merriam-webster.com,27,0,09 Myrtle Place
18499792,Joseph,Jerrans,jjerransd4@ycombinator.com,49,0,29 Clemons Road
56220138,Holmes,Rimell,hrimelld5@narod.ru,21,1,62 Cherokee Plaza
36091206,Casper,Linskill,clinskilld6@yelp.com,22,0,342 Service Pass
87473337,Ange,Eckels,aeckelsd7@bloglines.com,35,0,06 Superior Drive
19519159,Silvano,Winchurst,swinchurstd8@businesswire.com,5,1,55 Ryan Court
87054350,Tildie,Echalier,techalierd9@de.vu,43,0,8330 Waywood Way
62957026,Ambrose,Hamberstone,ahamberstoneda@ustream.tv,18,1,3 Almo Place
32786754,Stephan,Shugg,sshuggdb@accuweather.com,33,0,5 Lakewood Place
35519694,Gerry,Abrahami,gabrahamidc@networksolutions.com,24,1,67916 Kipling Lane
86830085,Dunc,Statter,dstatterdd@intel.com,23,0,4478 Grasskamp Pass
42951175,Erasmus,Ivic,eivicde@amazon.de,50,1,95325 Saint Paul Hill
68116541,Roarke,Roseby,rrosebydf@army.mil,16,1,14 Corry Drive
95538660,Nat,Glanfield,nglanfielddg@gmpg.org,29,0,2763 Manitowish Pass
66881131,Raimondo,Spinney,rspinneydh@ning.com,47,1,78 Pepper Wood Trail
21534959,Roderigo,Turbern,rturberndi@tiny.cc,21,0,224 Mayer Alley
86098588,Miof mela,Dryburgh,mdryburghdj@wiley.com,3,0,2789 Bashford Crossing
25827547,Thane,Piecha,tpiechadk@wikispaces.com,38,0,1 Anderson Crossing
4170736,Katlin,Spelsbury,kspelsburydl@discuz.net,18,1,82370 Sachtjen Road
16888907,Margi,Titlow,mtitlowdm@cargocollective.com,1,0,38 Jackson Court
93081875,Decca,Churchard,dchurcharddn@deliciousdays.com,38,1,27726 Hooker Trail
18963697,Odelinda,Duesberry,oduesberrydo@house.gov,33,1,590 Green Center
77674745,Geoffrey,Donnelly,gdonnellydp@fotki.com,35,0,617 Caliangt Circle
36097081,Glenden,Prynne,gprynnedq@yolasite.com,39,1,9341 Harper Court
98697599,Karlens,Christofol,kchristofoldr@about.com,43,1,64 Raven Court
28697414,Rachel,Seiler,rseilerds@harvard.edu,39,0,1666 Forest Trail
4970025,Aidan,Caulfield,acaulfielddt@infoseek.co.jp,43,1,90092 Leroy Alley
28504177,Guglielmo,Feely,gfeelydu@omniture.com,31,1,674 Gerald Avenue
24383971,Shelli,Kubasek,skubasekdv@fotki.com,1,1,32 Loomis Circle
42456560,Oliver,Padefield,opadefielddw@purevolume.com,48,1,15993 Ryan Street
61089899,Christen,Corneille,ccorneilledx@time.com,44,1,9 Lakewood Gardens Pass
76802680,Pooh,Dullingham,pdullinghamdy@imdb.com,17,0,6127 Union Road
78830055,Morganica,Lomath,mlomathdz@bbc.co.uk,27,1,20 Sage Plaza
52659122,Barby,Train,btraine0@dell.com,32,0,81 Nevada Point
36630740,Nessy,Sullens,nsullense1@psu.edu,4,1,121 Holy Cross Street
57049962,Christina,Benne,cbennee2@dailymotion.com,23,1,24835 Swallow Crossing
42011354,Gilburt,Tripon,gtripone3@forbes.com,5,1,0 Heath Place
97981648,Ericka,Dwelly,edwellye4@vistaprint.com,14,0,015 Roth Avenue
88684458,Antonius,Collyer,acollyere5@jimdo.com,49,0,96472 La Follette Point
49012617,Danya,Holliar,dholliare6@prnewswire.com,32,0,627 Maryland Point
5780587,Amelina,Camosso,acamossoe7@mit.edu,15,1,8989 Mifflin Plaza
90298041,Bellina,Killner,bkillnere8@google.cn,28,1,17422 Forest Run Circle
24342824,Ives,Keneford,ikeneforde9@cbc.ca,44,0,94 Farragut Place
46254339,Aurie,Shera,asheraea@xinhuanet.com,17,1,150 Towne Street
66599795,Chariot,Marien,cmarieneb@bizjournals.com,37,1,2836 Dunning Terrace
98648763,Bettye,Kennally,bkennallyec@google.co.jp,1,1,2529 Fieldstone Drive
55613945,Lynett,Waight,lwaighted@techcrunch.com,45,1,48 Forster Court
68178153,Stanford,Cardenas,scardenasee@dyndns.org,41,0,703 Old Shore Park
55540246,Ulrick,Iorio,uiorioef@surveymonkey.com,27,1,47 Annamark Drive
67678980,Hermina,Rolley,hrolleyeg@cnet.com,36,1,6168 Schurz Street
22729415,Ransell,Prowse,rprowseeh@joomla.org,6,1,113 Commercial Center
26619648,Orlando,Winson,owinsonei@nydailynews.com,25,1,25859 Marquette Center
91416799,Renae,Girardeau,rgirardeauej@nba.com,44,0,68 Riverside Court
26261992,Chandal,Weavers,cweaversek@pagesperso-orange.fr,9,1,4 Graedel Alley
79676957,Alric,Showen,ashowenel@fda.gov,17,1,835 Fulton Lane
83488991,Callean,Chanter,cchanterem@joomla.org,35,1,05 Kensington Parkway
87847266,Belicia,Hastelow,bhastelowen@dropbox.com,44,0,8 Manley Circle
49475123,Neddy,Helsdon,nhelsdoneo@mozilla.com,5,1,011 Duke Avenue
9899077,Abbott,Mowbray,amowbrayep@ezinearticles.com,14,0,41 Kings Way
60684752,Aggi,Dimock,adimockeq@google.ru,22,1,56034 La Follette Street
34249325,Sayre,Endean,sendeaner@wordpress.org,41,0,402 Thompson Hill
32406389,Melania,Moralis,mmoralises@japanpost.jp,5,0,99356 Iowa Drive
76382516,Tabbie,Yendall,tyendallet@desdev.cn,28,1,53187 Heath Drive
59301185,Barbe,Sterre,bsterreeu@google.de,16,1,14 Hovde Way
95063440,Shelli,Vasiliev,svasilievev@nationalgeographic.com,21,1,48 Sheridan Avenue
92253146,Melany,Spriggin,msprigginew@washington.edu,32,1,464 Clarendon Plaza
12910032,Brnaby,Wrightham,bwrighthamex@nasa.gov,19,1,14 Elgar Place
12338143,Gilbert,MacGruer,gmacgruerey@blogger.com,43,1,12143 American Circle
30852123,Norine,Labrow,nlabrowez@rambler.ru,31,1,9206 Russell Plaza
99116095,Fayette,MacNulty,fmacnultyf0@marketwatch.com,4,1,38054 Duke Center
26682002,Kellyann,Mannix,kmannixf1@ucoz.com,16,1,5 Steensland Center
53641107,Hyman,Howton,hhowtonf2@cargocollective.com,42,1,16 Cherokee Way
51844601,Byran,Bern,bbernf3@blogtalkradio.com,36,0,175 Memorial Park
48281477,Anna-diane,Rushmare,arushmaref4@go.com,14,1,534 Sherman Point
1790908,Graehme,Romero,gromerof5@ihg.com,9,1,0 American Plaza
40245326,Arda,O'Kynsillaghe,aokynsillaghef6@prnewswire.com,50,0,82 Portage Court
72937687,Florinda,Langlois,flangloisf7@netlog.com,34,1,4 Ronald Regan Place
52719690,Judas,Ravel,jravelf8@house.gov,27,0,5 Ryan Hill
41322403,Willi,Glas,wglasf9@baidu.com,33,1,56 Grim Lane
23562465,Garv,De Gowe,gdegowefa@sciencedirect.com,28,0,6297 Homewood Parkway
58231046,Jany,Foat,jfoatfb@spiegel.de,22,1,96 Novick Point
24070906,Alfie,Vickars,avickarsfc@a8.net,36,1,6845 Sundown Trail
85089313,Rey,Rodliff,rrodlifffd@tuttocitta.it,11,0,7 Dahle Court
92215828,Peri,Myrick,pmyrickfe@bluehost.com,49,0,8114 Sunfield Lane
97839810,Daile,Gerritzen,dgerritzenff@arizona.edu,3,0,3 Northfield Point
98128002,Bondie,Weedall,bweedallfg@patch.com,36,1,1659 Fieldstone Hill
79054325,Katharina,Artindale,kartindalefh@businesswire.com,44,1,327 Emmet Parkway
57443899,Dix,Capaldi,dcapaldifi@fotki.com,36,1,6 Hoepker Court
59659804,Silva,Collacombe,scollacombefj@tamu.edu,9,1,85013 Pine View Plaza
86936424,Daryle,Giannazzo,dgiannazzofk@aboutads.info,48,0,7 Vera Lane
17674159,Jefferson,Loynes,jloynesfl@sphinn.com,46,1,36 Harper Court
72394552,Shelly,Card,scardfm@skyrock.com,45,0,97 Texas Pass
24773833,Wren,Janoch,wjanochfn@dagondesign.com,23,1,26 Mccormick Street
67602875,Ianthe,Bruyns,ibruynsfo@furl.net,21,1,4 Waubesa Circle
15519467,Karlis,Laven,klavenfp@nationalgeographic.com,3,0,18 Mcguire Plaza
51162699,Angela,Stirzaker,astirzakerfq@free.fr,44,1,042 Packers Point
46970090,Tommy,Juschka,tjuschkafr@auda.org.au,7,0,41183 Blackbird Plaza
91264816,Sig,Stivers,sstiversfs@4shared.com,42,0,6 Homewood Terrace
63414536,Bealle,Lakey,blakeyft@sourceforge.net,33,1,3 Vidon Pass
83219084,Wood,Vallentin,wvallentinfu@addthis.com,49,1,762 Nancy Court
8293894,Nola,Dimitru,ndimitrufv@salon.com,42,0,345 Parkside Hill
42103714,Wade,Skeermer,wskeermerfw@livejournal.com,7,0,8316 Hooker Park
49392394,Marcie,Hellewell,mhellewellfx@godaddy.com,26,0,9361 Rockefeller Crossing
1484415,Burl,Doylend,bdoylendfy@gov.uk,33,1,0816 Glendale Junction
84679919,Elinore,Cains,ecainsfz@comsenz.com,1,0,061 Aberg Parkway
68478172,Marlowe,Brimble,mbrimbleg0@last.fm,28,1,86 Mitchell Alley
85953110,Charlean,Filpi,cfilpig1@gov.uk,3,0,16733 Cottonwood Crossing
6354912,Michael,Mehmet,mmehmetg2@eventbrite.com,22,1,828 Londonderry Way
68996720,Filmore,Sibbson,fsibbsong3@posterous.com,37,0,451 Ridgeview Street
83206874,Gaby,Andrysiak,gandrysiakg4@1688.com,35,0,247 Everett Way
79727062,Yevette,Buxy,ybuxyg5@europa.eu,14,0,2910 Dovetail Street
48952936,Cherice,Beche,cbecheg6@paginegialle.it,19,0,3 Debra Way
6616908,Selle,Cote,scoteg7@prweb.com,36,1,2 Rigney Hill
85979341,Krystyna,Beddoe,kbeddoeg8@miitbeian.gov.cn,19,0,8837 Northview Park
28860548,Berne,Abrahmson,babrahmsong9@godaddy.com,32,0,211 Carioca Way
69684111,Nobe,Tudgay,ntudgayga@cocolog-nifty.com,45,1,0 Gale Crossing
62907316,Cornell,Jeanneau,cjeanneaugb@tinyurl.com,8,1,0032 Stang Park
90493477,Deeann,Dumingo,ddumingogc@fastcompany.com,11,0,3 Westend Street
36262421,Cookie,Briant,cbriantgd@drupal.org,34,0,517 Coolidge Pass
52423703,Kristy,Swanton,kswantonge@slate.com,20,1,1494 Golf Center
2536104,Ainslie,Piggot,apiggotgf@google.co.jp,35,0,997 Susan Hill
59603775,Martie,MacKartan,mmackartangg@plala.or.jp,50,0,722 Chinook Park
63472224,Bren,Blasl,bblaslgh@bizjournals.com,19,1,79 Lerdahl Place
53960954,Roze,McKeand,rmckeandgi@walmart.com,9,1,7798 Logan Center
86582415,Dena,Perdue,dperduegj@123-reg.co.uk,31,0,7780 Florence Trail
39419630,Hilary,Cloute,hcloutegk@yellowpages.com,40,0,69543 Derek Circle
53873906,Isador,Pendlebery,ipendleberygl@google.es,17,1,893 Loeprich Plaza
78234022,Delores,Hockell,dhockellgm@rakuten.co.jp,41,0,08 Green Point
62783351,Kathi,Truscott,ktruscottgn@imdb.com,32,1,75203 Esch Trail
2169718,Kerstin,Hadlow,khadlowgo@prlog.org,45,1,7 4th Pass
37552818,Dulci,Madison,dmadisongp@cnet.com,15,1,17 Barnett Center
74076216,Mable,Syson,msysongq@latimes.com,16,0,1175 Tennessee Crossing
2195293,Kevina,McUre,kmcuregr@alexa.com,35,0,48 Haas Lane
64917747,Free,Purselowe,fpurselowegs@free.fr,5,1,895 Warner Park
43122648,Merle,Blenkinsop,mblenkinsopgt@g.co,44,1,0387 Onsgard Pass
34567121,Esteban,Leedal,eleedalgu@dell.com,6,0,1493 Rieder Pass
20090852,Mireille,Lapides,mlapidesgv@naver.com,44,1,96 Myrtle Lane
38975752,Pippa,Tilmouth,ptilmouthgw@parallels.com,47,0,30 Gerald Alley
44659514,Nadean,Casper,ncaspergx@addtoany.com,16,1,9 Vahlen Circle
25621913,Zaria,Lokier,zlokiergy@seesaa.net,9,1,9 Sunfield Road
53138425,Ogden,Diver,odivergz@chron.com,25,1,51 Delladonna Hill
76569573,Sonnie,Shanks,sshanksh0@japanpost.jp,43,0,3625 Graedel Circle
68558271,Mahmud,Gors,mgorsh1@taobao.com,37,1,299 East Pass
12828478,Nikolas,Aish,naishh2@gov.uk,24,0,58 Bunting Road
54094344,Lorri,Guyver,lguyverh3@time.com,32,0,39 Manufacturers Point
25946705,Adella,Bessant,abessanth4@usnews.com,35,1,582 Bowman Pass
62754348,Leonard,Aughtie,laughtieh5@accuweather.com,3,0,594 Heath Street
68966056,Melina,Attwater,mattwaterh6@privacy.gov.au,50,1,45068 Buena Vista Junction
71479388,Britt,McBeth,bmcbethh7@blog.com,44,1,06 Center Terrace
98740603,Erminie,McKibben,emckibbenh8@topsy.com,9,1,32262 Sunbrook Terrace
38246002,Abby,Desouza,adesouzah9@samsung.com,33,1,58245 Sachs Place
9953653,Jordan,Soots,jsootsha@amazonaws.com,11,0,225 Carioca Lane
28389584,Flossie,MacArthur,fmacarthurhb@wix.com,43,1,02190 Hallows Crossing
86202775,Andrus,Mellings,amellingshc@last.fm,22,0,9 Roth Pass
84892947,Perl,Leebeter,pleebeterhd@homestead.com,34,1,16 Prentice Park
56597671,Cristabel,Nerval,cnervalhe@home.pl,44,1,61884 Comanche Parkway
73913293,Raimund,Domino,rdominohf@sitemeter.com,8,1,11 Iowa Court
95025301,Davita,Prin,dprinhg@baidu.com,31,0,64427 Vernon Lane
11573953,Griswold,Zanneli,gzannelihh@aol.com,34,1,6113 Algoma Street
59988116,Glenda,Rymill,grymillhi@amazon.co.jp,39,1,12 Tennessee Alley
72122728,Hastie,Leadbeatter,hleadbeatterhj@hubpages.com,23,0,9 Mifflin Pass
1405520,Felix,Windram,fwindramhk@noaa.gov,9,0,13911 Hovde Alley
69123044,Kerry,Canceller,kcancellerhl@nifty.com,7,0,98448 Mosinee Crossing
37075420,Natty,Sowley,nsowleyhm@wikipedia.org,30,0,180 Springs Avenue
35108548,Donnajean,Accombe,daccombehn@abc.net.au,11,0,91462 Hazelcrest Trail
77648667,Darla,Bastie,dbastieho@netvibes.com,11,0,7948 Fremont Park
94207739,Kamila,Pitsall,kpitsallhp@admin.ch,39,1,383 Artisan Road
11700557,Forster,Turfs,fturfshq@microsoft.com,45,0,0275 Pine View Way
20174317,Diane,McCrohon,dmccrohonhr@clickbank.net,16,1,0050 Haas Crossing
79945321,Avivah,Vernay,avernayhs@illinois.edu,30,0,2 Lighthouse Bay Trail
10997485,Barnaby,Daniello,bdanielloht@wikia.com,16,1,8419 Straubel Court
33950522,Suellen,Beddoe,sbeddoehu@printfriendly.com,10,0,43127 Glacier Hill Terrace
77948371,Helena,Gilbert,hgilberthv@mashable.com,47,1,60 Amoth Street
2338976,Lorenzo,Maudsley,lmaudsleyhw@parallels.com,42,0,9 North Street
91399819,Aridatha,Bullcock,abullcockhx@unblog.fr,45,1,598 Thompson Terrace
43989456,Shaina,Snoday,ssnodayhy@boston.com,9,0,0 Dahle Point
15346812,Catharine,Fulun,cfulunhz@eventbrite.com,37,0,63 Drewry Junction
16731598,Bonita,Joberne,bjobernei0@acquirethisname.com,24,1,6 Utah Street
84333769,Fee,McEnteggart,fmcenteggarti1@whitehouse.gov,27,0,11879 Donald Parkway
3321695,Kathrine,Philimore,kphilimorei2@comcast.net,29,0,15 Melody Parkway
17031523,Grete,Aizikovitch,gaizikovitchi3@surveymonkey.com,7,0,04 Eggendart Crossing
8667330,Valentine,Baitman,vbaitmani4@is.gd,34,1,9 Anniversary Lane
17474517,Madelyn,Van der Beken,mvanderbekeni5@nytimes.com,3,0,33 Sugar Terrace
97758873,Augustus,Carnegy,acarnegyi6@slideshare.net,28,0,023 Sullivan Lane
26934825,Rayner,Careswell,rcareswelli7@wufoo.com,1,0,468 Welch Hill
67065829,Nertie,Dominicacci,ndominicaccii8@marketwatch.com,37,1,45179 Delladonna Alley
33255539,Abramo,Eslemont,aeslemonti9@icio.us,2,0,93490 La Follette Drive
58435706,Budd,Redmond,bredmondia@theguardian.com,43,1,54 Roxbury Street
17805842,Hollie,Covington,hcovingtonib@nsw.gov.au,20,1,1655 Commercial Circle
66964780,Tory,Garlett,tgarlettic@seesaa.net,3,1,52847 Independence Avenue
29210533,Hillel,Sotheron,hsotheronid@nih.gov,21,0,3836 Parkside Park
89110181,Deloris,Brea,dbreaie@infoseek.co.jp,14,1,3 Gateway Park
94653476,Carilyn,Shipton,cshiptonif@4shared.com,13,0,52 Evergreen Lane
94950757,Ebba,O'Geneay,eogeneayig@zimbio.com,31,0,31578 Jackson Alley
30998450,Taryn,Labb,tlabbih@facebook.com,24,1,0 Redwing Road
19861977,Mirna,Verden,mverdenii@goodreads.com,20,1,055 South Hill
66192577,Jade,Kensy,jkensyij@themeforest.net,23,0,924 Bay Trail
58019324,Chelsie,Giacomozzo,cgiacomozzoik@cornell.edu,13,1,6078 Pepper Wood Hill
10905551,Bethanne,Yokel,byokelil@sfgate.com,40,0,4516 Grayhawk Plaza
22972329,Teddie,Stitt,tstittim@constantcontact.com,30,1,83 Comanche Plaza
34588257,Anna,Chatenier,achatenierin@independent.co.uk,48,0,9 Bartelt Drive
38914945,Garwood,Eastman,geastmanio@bloglines.com,2,0,6 Portage Park
62903875,Allie,Ayton,aaytonip@nifty.com,43,1,303 Esch Park
2019213,Jo-ann,Jakucewicz,jjakucewicziq@parallels.com,20,0,3541 Carberry Alley
64503362,Milton,Emanuelov,memanuelovir@cbc.ca,26,0,139 Coolidge Road
52614117,Niven,Normavill,nnormavillis@imdb.com,34,0,29001 Melody Drive
59375007,Irene,Quail,iquailit@webnode.com,39,0,7 Glendale Street
4506325,Quincy,Burns,qburnsiu@woothemes.com,12,1,59535 Crowley Road
30244785,Lorine,Meuse,lmeuseiv@desdev.cn,34,1,4 International Alley
11723457,Teddy,Suscens,tsuscensiw@canalblog.com,28,0,99 Sundown Plaza
69651649,Briny,Grunbaum,bgrunbaumix@seesaa.net,29,0,884 Sage Pass
7033943,Brnaba,Lepoidevin,blepoideviniy@ibm.com,13,0,766 Granby Place
47979764,Ethan,Brimham,ebrimhamiz@google.es,32,1,2778 Basil Drive
41763984,Jodee,Aubrey,jaubreyj0@odnoklassniki.ru,31,0,731 Ludington Court
75744294,Wendye,Hume,whumej1@histats.com,22,0,93481 Ridgeway Drive
99142120,Gordie,Dyer,gdyerj2@google.com.br,29,0,32266 Shasta Parkway
5301981,Georges,Oosthout de Vree,goosthoutdevreej3@yandex.ru,42,0,86915 Northland Court
33802189,Pierrette,Keeley,pkeeleyj4@google.cn,26,1,0 Lillian Alley
6638391,Nadine,Ouslem,nouslemj5@jimdo.com,17,1,460 International Lane
69043418,Gherardo,Winger,gwingerj6@gmpg.org,2,1,61423 Swallow Hill
13814259,Tressa,Huws,thuwsj7@friendfeed.com,14,0,58747 Bashford Plaza
95976499,Lilllie,Zoane,lzoanej8@engadget.com,13,1,362 Ryan Circle
29524925,Anthiathia,Rudkin,arudkinj9@admin.ch,48,0,158 Orin Alley
43065150,Goldi,Rusbridge,grusbridgeja@chicagotribune.com,24,0,0 Claremont Avenue
13145613,Celle,MacKibbon,cmackibbonjb@buzzfeed.com,24,1,35948 Dayton Street
51406645,Cyndi,Couser,ccouserjc@omniture.com,5,1,1 8th Place
61107373,Benjie,Keays,bkeaysjd@sun.com,10,0,59 Randy Point
51961734,Cthrine,Maunder,cmaunderje@phpbb.com,49,1,886 Almo Parkway
72794177,Janna,Gerhold,jgerholdjf@alibaba.com,12,0,62 Duke Alley
61926375,Chilton,Fuxman,cfuxmanjg@cbslocal.com,35,0,8 Morrow Junction
15719063,Barby,Stockwell,bstockwelljh@soup.io,8,1,0 Portage Drive
22243750,Noreen,Squires,nsquiresji@deliciousdays.com,32,0,2079 Ronald Regan Center
44468507,Auberta,Golly,agollyjj@jimdo.com,6,1,0 Gina Way
40697999,Cicely,Scuffham,cscuffhamjk@auda.org.au,38,0,62 Clove Park
37038478,Hodge,Curnick,hcurnickjl@macromedia.com,40,1,1 Caliangt Avenue
57561078,Leo,Lorroway,llorrowayjm@posterous.com,27,0,0906 Dapin Place
16294010,Fiorenze,Elson,felsonjn@plala.or.jp,25,1,7 Eggendart Hill
90872157,Caren,Alday,caldayjo@nasa.gov,45,1,95310 Orin Terrace
94028596,Melvin,Durston,mdurstonjp@so-net.ne.jp,47,1,397 Butternut Trail
35207608,Harley,Ciubutaro,hciubutarojq@adobe.com,40,1,12406 Bluestem Court
26422742,Jeffy,Canaan,jcanaanjr@freewebs.com,35,0,08 5th Trail
75860112,Cinderella,Castagnaro,ccastagnarojs@reddit.com,25,0,1 Colorado Court
32061936,Barrie,MacGrath,bmacgrathjt@ihg.com,42,1,69123 Twin Pines Road
32604928,Freddy,Moakes,fmoakesju@ustream.tv,19,1,3317 Di Loreto Lane
88306379,Fey,Shearstone,fshearstonejv@arstechnica.com,17,0,24959 5th Street
80039630,Rafaelita,Traynor,rtraynorjw@globo.com,34,0,7 Golf Point
88534222,Mari,Jeandet,mjeandetjx@google.com.au,29,1,21 Nelson Place
30222334,Shannan,Dannell,sdannelljy@reference.com,3,0,635 Roxbury Plaza
72429267,Cathleen,Jouhandeau,cjouhandeaujz@woothemes.com,14,0,364 Evergreen Point
93789438,Mikkel,Furlow,mfurlowk0@va.gov,45,1,77 Farwell Alley
95142345,Ethe,Yerby,eyerbyk1@baidu.com,33,0,88 Mariners Cove Avenue
9442910,Olvan,Jakoubec,ojakoubeck2@sbwire.com,41,1,21015 Maple Pass
94378063,Mada,Redgrave,mredgravek3@google.com.br,36,0,903 Stang Way
20972447,Sheridan,Sillis,ssillisk4@cnet.com,12,0,34403 Monterey Junction
42885663,Cathyleen,Kleinerman,ckleinermank5@tinyurl.com,47,1,919 Vahlen Drive
96348381,Amber,Stable,astablek6@foxnews.com,11,0,28444 Dapin Park
68914350,Trudey,Hoggin,thoggink7@globo.com,23,1,47878 Rowland Junction
57072530,Othello,Lobley,olobleyk8@marketwatch.com,18,1,7 Norway Maple Center
87287052,Charyl,Longfellow,clongfellowk9@vimeo.com,46,1,475 Shelley Street
84863975,Chet,Lafontaine,clafontaineka@acquirethisname.com,6,1,7 Vidon Way
45186329,Derril,Beavis,dbeaviskb@utexas.edu,1,0,8 Texas Terrace
38023792,Arabelle,Godspeede,agodspeedekc@shareasale.com,45,0,6155 Colorado Hill
99035607,Abigael,Keave,akeavekd@google.ru,41,0,334 Judy Street
19584256,Georges,Hess,ghesske@tumblr.com,49,1,95 Shopko Street
49634780,Genia,Pestor,gpestorkf@oakley.com,19,0,33197 Comanche Court
84898969,Kaylil,Tynemouth,ktynemouthkg@artisteer.com,40,0,173 Village Green Center
16565466,Nydia,Vedenichev,nvedenichevkh@desdev.cn,30,0,13 Mesta Hill
50701744,Frederick,Gurys,fguryski@engadget.com,14,0,29 Doe Crossing Plaza
25678056,Brendin,McLanaghan,bmclanaghankj@stumbleupon.com,28,0,8 Pankratz Trail
84804219,Ketti,Vasiliu,kvasiliukk@jimdo.com,41,0,2950 Corry Drive
90650646,Naomi,Farnish,nfarnishkl@newsvine.com,1,0,5234 Carberry Drive
52374924,Travers,Ayer,tayerkm@springer.com,38,1,8763 Truax Place
90760136,Jamima,Pendrich,jpendrichkn@google.it,34,1,39527 Barnett Circle
52958053,Michal,Huke,mhukeko@psu.edu,11,0,4361 Del Mar Road
22986033,Merralee,Hands,mhandskp@umich.edu,29,1,88653 School Pass
82479241,Aggie,Gall,agallkq@issuu.com,33,0,4020 Forest Alley
33325520,Annissa,Babin,ababinkr@narod.ru,14,1,700 Maple Place
89442400,Cleveland,Allcott,callcottks@blinklist.com,41,0,2 South Street
82161132,Hermia,Laban,hlabankt@squarespace.com,11,0,583 Northridge Parkway
66674278,Winn,Prudham,wprudhamku@shinystat.com,2,1,7 Namekagon Place
5683042,Letitia,Grassett,lgrassettkv@senate.gov,37,0,52 Dwight Place
3437331,Drusy,Karpeev,dkarpeevkw@reddit.com,20,1,941 Graceland Avenue
74014294,Elizabet,Linger,elingerkx@vkontakte.ru,27,1,51 Hollow Ridge Parkway
27709420,Andrea,Garstan,agarstanky@rambler.ru,47,0,6 Debra Way
7796518,Giana,Lockton,glocktonkz@ft.com,39,0,3429 Westerfield Circle
15617785,Ekaterina,Culligan,eculliganl0@google.fr,15,1,9607 Namekagon Place
38083429,Berty,Lightwing,blightwingl1@mediafire.com,4,1,1 Bay Lane
60292160,Hedvig,Stubbings,hstubbingsl2@marriott.com,33,1,5270 Logan Parkway
81851929,Guthry,Getcliffe,ggetcliffel3@bloglines.com,30,1,69 Monterey Alley
81761197,Gayle,Piers,gpiersl4@deliciousdays.com,27,0,7435 Bayside Crossing
28222788,Gabey,Hazelhurst,ghazelhurstl5@wiley.com,1,1,495 Toban Court
89564623,Tripp,Clausson,tclaussonl6@icq.com,44,1,407 Arkansas Avenue
7787047,Symon,Ratnage,sratnagel7@aol.com,1,1,30895 Briar Crest Trail
73803699,Aliza,Sykora,asykoral8@people.com.cn,15,0,8 Kropf Crossing
52923867,Vassili,Bassano,vbassanol9@ning.com,20,1,6922 Glendale Road
4381237,Dominga,Mc Carroll,dmccarrollla@sitemeter.com,8,0,6 Sloan Avenue
81495679,Patrica,Drysdell,pdrysdelllb@scribd.com,23,1,4807 Red Cloud Plaza
62856011,Aidan,Nixon,anixonlc@unicef.org,5,1,1 Pankratz Way
85198505,Zuzana,Fieldhouse,zfieldhouseld@smugmug.com,8,1,6009 Moose Pass
95846336,Wanids,Enoch,wenochle@gov.uk,48,1,1 Pond Pass
40181963,Brigg,Klossmann,bklossmannlf@bluehost.com,4,1,83 Laurel Crossing
82752196,Clarabelle,Biggs,cbiggslg@domainmarket.com,29,1,9 Glacier Hill Trail
54503712,Lynnell,Lebbern,llebbernlh@skype.com,4,0,2 Utah Drive
41528070,Teriann,Sutherley,tsutherleyli@cbslocal.com,5,0,4063 Sutherland Avenue
41457186,Gill,De Witt,gdewittlj@simplemachines.org,19,1,50802 Rockefeller Crossing
99871774,Lawrence,Gavin,lgavinlk@godaddy.com,23,1,331 Pleasure Avenue
87136651,Cleavland,Benge,cbengell@i2i.jp,31,0,9525 Sachtjen Junction
5859543,Emmie,Harcus,eharcuslm@senate.gov,4,1,53453 Morrow Lane
96467632,Boote,Abby,babbyln@4shared.com,43,0,8619 Hooker Court
65552588,Jemimah,Parkeson,jparkesonlo@sphinn.com,23,1,0 Comanche Place
55133792,Lia,Tingcomb,ltingcomblp@blinklist.com,49,1,05424 Hagan Circle
80911999,Cyndi,Beckley,cbeckleylq@smugmug.com,37,1,37092 Welch Terrace
24142826,Ike,Nare,inarelr@princeton.edu,9,0,830 Lakewood Parkway
32532187,Bunnie,Chastelain,bchastelainls@mac.com,5,0,84932 Columbus Crossing
24825385,Tiertza,Tembey,ttembeylt@surveymonkey.com,35,0,9 Mccormick Plaza
7129166,Hardy,Benting,hbentinglu@privacy.gov.au,9,0,51 Bashford Center
13586485,Kendal,Rennocks,krennockslv@jalbum.net,33,0,54 Westridge Drive
91155448,Winthrop,Spruce,wsprucelw@umn.edu,33,0,781 Fisk Terrace
28759709,Ceciley,Balling,cballinglx@nature.com,2,0,9611 Ohio Avenue
16884829,Burke,Orrell,borrellly@dmoz.org,46,1,39 Basil Junction
86186160,Adolpho,Stanning,astanninglz@hao123.com,46,1,085 Melrose Lane
64070166,Gerick,Rishman,grishmanm0@shinystat.com,35,0,34 Continental Court
72054102,Sharity,Strowan,sstrowanm1@arstechnica.com,25,0,539 Miller Pass
27548078,Haroun,Hedingham,hhedinghamm2@narod.ru,2,1,9 Fair Oaks Trail
42645828,Rubi,Bouzan,rbouzanm3@apple.com,16,1,2814 Menomonie Hill
11021535,Megan,Banes,mbanesm4@nih.gov,34,0,2 Norway Maple Trail
36970154,Maurizia,Rzehorz,mrzehorzm5@issuu.com,41,1,523 Loeprich Alley
69663390,Northrup,Buckett,nbuckettm6@freewebs.com,38,0,4987 North Court
64008549,Lonnie,McMenemy,lmcmenemym7@sun.com,48,1,91 Farragut Terrace
86296447,Averil,Crossgrove,acrossgrovem8@ezinearticles.com,39,0,7762 Bonner Crossing
30241795,Nancee,Duberry,nduberrym9@tripod.com,7,0,954 Sauthoff Crossing
21806122,Cash,Eyes,ceyesma@wired.com,18,0,9 Orin Terrace
49292896,Lindsey,Woolatt,lwoolattmb@opensource.org,35,1,0386 Waubesa Hill
78098853,Latashia,Pyott,lpyottmc@salon.com,7,1,51 Cherokee Avenue
35675199,Del,Sermin,dserminmd@cdbaby.com,10,1,6101 Graedel Place
22996670,Nerte,Souten,nsoutenme@cafepress.com,48,1,58 Havey Alley
40304673,Corrianne,O'Grada,cogradamf@cafepress.com,7,0,267 Carey Point
20353822,Rogers,Jannequin,rjannequinmg@delicious.com,2,0,846 Merry Street
47317241,Brant,Bartoloma,bbartolomamh@studiopress.com,44,1,2107 Autumn Leaf Hill
10410792,Avivah,Blacksell,ablacksellmi@cornell.edu,45,0,6760 Forest Lane
22290664,Felicdad,Sidgwick,fsidgwickmj@seattletimes.com,38,1,35349 Pepper Wood Lane
12509985,Ryan,Porteous,rporteousmk@go.com,34,1,2499 Bellgrove Street
31743810,Ailbert,Brugsma,abrugsmaml@icq.com,27,0,107 Laurel Lane
29092459,Letizia,Fellos,lfellosmm@arstechnica.com,50,0,9 Hauk Alley
82008941,Lefty,Tansill,ltansillmn@indiatimes.com,21,0,36138 Kinsman Court
52736268,Mozelle,Machel,mmachelmo@prlog.org,2,1,380 Chinook Park
34507710,Quillan,Bodemeaid,qbodemeaidmp@people.com.cn,3,0,6899 Amoth Place
6018264,Aila,Speares,aspearesmq@mac.com,19,0,41 Clove Avenue
29334930,Paxton,Sauter,psautermr@unblog.fr,43,1,9 1st Lane
36066427,Cchaddie,Flatt,cflattms@mapy.cz,41,1,2 Quincy Drive
32556380,Mersey,Franzewitch,mfranzewitchmt@jalbum.net,34,1,23 Service Trail
94490917,Raddie,Tawton,rtawtonmu@wisc.edu,40,1,759 Superior Pass
3084502,Trenna,Shannahan,tshannahanmv@bloglines.com,6,0,9527 Marcy Crossing
11817239,Anderea,Pitcher,apitchermw@rakuten.co.jp,7,1,4 Meadow Vale Lane
23782477,Brigham,Enderlein,benderleinmx@dailymotion.com,14,0,4777 Sauthoff Crossing
98991226,Jerri,Chicchetto,jchicchettomy@zimbio.com,18,1,30406 Morningstar Court
20573817,Alene,Pettigrew,apettigrewmz@gmpg.org,45,1,2945 Roth Circle
4154497,Elana,Landor,elandorn0@trellian.com,5,1,456 Lotheville Center
72140999,Domeniga,Sides,dsidesn1@goo.gl,10,1,0 Eastlawn Point
91297854,Roseline,Mayers,rmayersn2@domainmarket.com,47,1,91218 Clarendon Plaza
6986171,Elaina,Jeffress,ejeffressn3@answers.com,13,1,80 Porter Street
3150122,Normand,Fursland,nfurslandn4@biblegateway.com,12,0,4 1st Junction
10010457,Latrina,Renwick,lrenwickn5@blog.com,50,1,1 Ronald Regan Trail
86714630,Jamie,Sammes,jsammesn6@nba.com,11,1,09 Lake View Pass
80039881,Kerby,Staddon,kstaddonn7@archive.org,15,1,479 Lakewood Parkway
59543424,Geno,Huffer,ghuffern8@xing.com,41,1,72818 Thierer Alley
39454952,Charo,Portch,cportchn9@microsoft.com,37,0,9148 Loomis Point
11752511,Lela,Astill,lastillna@soup.io,3,1,6717 Jenifer Court
97813648,Helen-elizabeth,Shilito,hshilitonb@youtube.com,48,0,8029 Del Mar Place
56777808,Nelia,Vollam,nvollamnc@berkeley.edu,36,1,26 Ronald Regan Road
48043257,Devora,Potteridge,dpotteridgend@multiply.com,4,0,1603 4th Circle
35831968,Auberon,Lille,alillene@sphinn.com,38,1,24 Mcbride Lane
83663791,Mahmud,Collingridge,mcollingridgenf@1und1.de,22,1,967 Tennessee Point
64980874,Bonnie,Stiles,bstilesng@over-blog.com,42,0,4 Shelley Place
57960683,Meg,Stannett,mstannettnh@dmoz.org,22,1,2 Sunbrook Junction
76334804,Cybil,Mayte,cmayteni@irs.gov,49,0,55 Moulton Place
72752934,Jimmy,Boik,jboiknj@microsoft.com,10,0,505 Colorado Place
78439051,Jerrilyn,Abbes,jabbesnk@gmpg.org,13,1,27 Ridgeway Lane
93580715,Wenda,St. Ledger,wstledgernl@hud.gov,44,1,58058 Mesta Park
57220556,Susann,Dikle,sdiklenm@flavors.me,17,1,3 Oriole Avenue
41466766,Waldo,Linsay,wlinsaynn@biglobe.ne.jp,49,1,24043 Annamark Road
41443553,Amil,Moorcroft,amoorcroftno@acquirethisname.com,7,0,96 Darwin Court
92605566,Aigneis,Antonelli,aantonellinp@constantcontact.com,14,1,829 Dahle Avenue
1599043,Maris,Davidou,mdavidounq@google.nl,3,0,9998 Evergreen Park
52324440,Elaine,Dunckley,edunckleynr@ebay.com,20,0,746 Shelley Hill
10792639,Tim,Scorer,tscorerns@opensource.org,47,0,24632 Glacier Hill Way
42686034,Reinhard,Geary,rgearynt@topsy.com,2,0,15590 Emmet Center
41439141,Beulah,Simonite,bsimonitenu@opera.com,26,1,12247 Twin Pines Trail
39526401,Faustine,Vize,fvizenv@engadget.com,43,0,613 Paget Parkway
79750795,Netta,Bassingden,nbassingdennw@etsy.com,33,1,62 Montana Pass
48063279,Maddy,Weddeburn - Scrimgeour,mweddeburnscrimgeournx@nps.gov,29,1,82 Morrow Hill
40423345,Bear,Alonso,balonsony@fema.gov,23,0,01 Prentice Alley
53290222,Ariela,Colliard,acolliardnz@rakuten.co.jp,45,1,443 4th Point
21762115,Caleb,Gaunter,cgauntero0@indiegogo.com,39,1,7250 Hazelcrest Circle
34872160,Melloney,Walbridge,mwalbridgeo1@odnoklassniki.ru,22,0,24457 Mariners Cove Hill
56514039,Iain,Banfill,ibanfillo2@dot.gov,40,1,73 Vahlen Alley
41341321,Calla,Hulstrom,chulstromo3@noaa.gov,28,1,90776 6th Street
67474448,Horatio,Towll,htowllo4@liveinternet.ru,35,1,05 Kinsman Avenue
19420189,Iver,Casale,icasaleo5@foxnews.com,28,0,3 Mifflin Place
28581832,Ashby,Paoletto,apaolettoo6@hhs.gov,37,0,10 Declaration Terrace
48558479,Olenolin,Ibert,oiberto7@a8.net,10,1,3492 Glendale Pass
253528,Emmey,Dales,edaleso8@goo.ne.jp,17,1,21 Ramsey Crossing
94317339,Meta,McQuirk,mmcquirko9@facebook.com,8,1,4 Merchant Circle
62024776,Codie,Maffioni,cmaffionioa@dmoz.org,12,0,1825 Rutledge Point
1582553,Grant,McAlinion,gmcalinionob@newsvine.com,32,0,1436 Rockefeller Court
85142556,Annmarie,Myrtle,amyrtleoc@indiatimes.com,29,1,27 Melby Park
45620450,Ayn,Rainsbury,arainsburyod@histats.com,41,0,12841 Jackson Road
51724225,Cherry,Golborne,cgolborneoe@gmpg.org,50,1,5077 Maple Place
8335913,Gussy,Waples,gwaplesof@nasa.gov,36,1,8 Towne Street
18898900,Nisse,Kamall,nkamallog@facebook.com,26,1,5256 Summit Road
46111434,Gilberta,Vidgen,gvidgenoh@nbcnews.com,28,1,5850 Fisk Place
16110449,Berti,Stennine,bstennineoi@phpbb.com,13,0,65 Lakewood Gardens Pass
46041774,Charline,Sergeant,csergeantoj@google.pl,10,0,91725 Forest Run Center
19434069,Berton,Garcia,bgarciaok@mozilla.org,39,1,1 Gateway Terrace
7592226,Vera,Meysham,vmeyshamol@icio.us,17,1,4 Shelley Way
92316732,Tiff,Hischke,thischkeom@google.it,32,1,2044 Elmside Park
83131625,Sheppard,O'Clery,socleryon@deliciousdays.com,28,0,5696 Brown Junction
67312232,Ardeen,Mariotte,amariotteoo@hexun.com,24,1,5 Roth Crossing
1620924,Merilyn,Dayment,mdaymentop@columbia.edu,6,0,9737 Badeau Lane
51895541,Barthel,Mattiazzo,bmattiazzooq@dyndns.org,6,1,24489 Northport Plaza
86565639,Isak,Fylan,ifylanor@google.com.br,11,0,0873 Redwing Pass
61327531,Denny,Beek,dbeekos@merriam-webster.com,40,0,1218 Almo Trail
29991924,Tulley,Cowdray,tcowdrayot@virginia.edu,41,1,7 Holy Cross Junction
83342491,Esra,Daggett,edaggettou@adobe.com,25,1,575 Northfield Way
74097121,Gerty,Verry,gverryov@myspace.com,12,1,96065 Muir Way
72952006,Lewiss,Winters,lwintersow@seattletimes.com,18,0,4280 Esch Place
93602091,Morse,Dagon,mdagonox@acquirethisname.com,11,1,38591 New Castle Crossing
41212103,Wenonah,Dogerty,wdogertyoy@jimdo.com,3,0,862 Anzinger Place
25237574,Vera,Folcarelli,vfolcarellioz@ameblo.jp,39,1,34549 Tennyson Parkway
9567460,Egor,Dooler,edoolerp0@seesaa.net,40,0,8 Gulseth Center
46716302,Arly,Bernadzki,abernadzkip1@google.com,3,0,79 3rd Pass
6493298,Towny,Kobera,tkoberap2@europa.eu,33,1,15806 Warner Court
66101601,Sol,MacGhee,smacgheep3@rediff.com,16,0,64 Del Sol Circle
84249804,Tyson,Smouten,tsmoutenp4@multiply.com,46,0,23320 Old Gate Street
96778874,Marchelle,Kingsbury,mkingsburyp5@ow.ly,25,1,76 Arapahoe Court
15139018,Lyda,Sowerbutts,lsowerbuttsp6@opera.com,7,1,17812 Armistice Terrace
98759981,Cheri,Worsfold,cworsfoldp7@google.com.hk,40,0,7 Vera Terrace
28869529,Brigit,MacClinton,bmacclintonp8@google.co.uk,43,0,1 Vernon Alley
78399801,Tucky,Meharry,tmeharryp9@wikispaces.com,24,0,951 Dakota Way
70026291,Carmela,Bussy,cbussypa@bbb.org,21,1,2 Helena Street
22387463,Grazia,Trett,gtrettpb@foxnews.com,28,0,525 Mandrake Trail
1140626,Jule,Hawtin,jhawtinpc@mit.edu,7,1,42828 Everett Plaza
12126127,Emmy,Slides,eslidespd@edublogs.org,8,1,4137 Dottie Drive
10278841,Curt,Halfpenny,chalfpennype@sciencedaily.com,49,1,65255 Schiller Lane
76244913,Nonah,Gallihaulk,ngallihaulkpf@exblog.jp,26,1,0 Emmet Trail
43047299,Desirae,Skypp,dskypppg@tumblr.com,27,0,26 Badeau Crossing
49843894,Merrielle,Szimon,mszimonph@phpbb.com,28,0,2 Clarendon Drive
37627882,Annmaria,Killingback,akillingbackpi@gizmodo.com,2,0,53 Thackeray Parkway
12552531,Netty,Woller,nwollerpj@webeden.co.uk,18,1,86543 Beilfuss Court
49809612,Alec,Spencley,aspencleypk@si.edu,11,1,0268 Glendale Avenue
68449921,Roselia,Chadwick,rchadwickpl@ow.ly,16,0,49247 Havey Court
85210804,Lanie,Von Der Empten,lvonderemptenpm@nps.gov,12,1,1 Jenifer Center
981834,Geri,Geerling,ggeerlingpn@icq.com,33,0,34525 Hanson Point
92171547,Garwin,Cella,gcellapo@theglobeandmail.com,19,1,83 Meadow Valley Place
26615566,Robbyn,Butterfill,rbutterfillpp@europa.eu,45,1,9 Dakota Trail
54649272,Isiahi,McGahern,imcgahernpq@ihg.com,18,1,45292 Doe Crossing Street
30428203,Chuck,Elegood,celegoodpr@sciencedaily.com,11,1,9539 Orin Alley
66961465,Genovera,Forestall,gforestallps@webs.com,37,0,5490 Monica Alley
70920803,Odell,Addington,oaddingtonpt@cnn.com,49,0,3 Westerfield Avenue
71049031,Gar,Hamshaw,ghamshawpu@list-manage.com,23,1,4 Oneill Lane
90801915,Elfie,Neylan,eneylanpv@purevolume.com,49,1,6 Helena Trail
74310404,Gates,Taylor,gtaylorpw@github.com,11,1,6987 6th Place
11004455,Langston,Doyley,ldoyleypx@baidu.com,29,1,3133 Sugar Point
52760502,Courtney,MacAlpyne,cmacalpynepy@networksolutions.com,25,1,6 Buell Court
2005954,Deanne,Concannon,dconcannonpz@wired.com,23,1,92257 Clyde Gallagher Place
41172980,Loraine,Malloch,lmallochq0@taobao.com,43,0,70544 Mosinee Park
65294190,Nicolais,Shilito,nshilitoq1@marriott.com,3,1,11 Morning Crossing
5285983,Munroe,Jeaffreson,mjeaffresonq2@hexun.com,38,1,0 Glacier Hill Drive
98957388,Ranna,Eyers,reyersq3@hao123.com,50,0,764 Sommers Place
61898860,Kali,Kyngdon,kkyngdonq4@google.it,25,0,775 Sloan Court
56592877,Jackelyn,Paddison,jpaddisonq5@soundcloud.com,33,1,11 Sutherland Junction
44910243,Pattie,Worral,pworralq6@discuz.net,48,1,61 Melody Terrace
90970037,Merrel,Goodsir,mgoodsirq7@nasa.gov,31,1,3 Meadow Vale Park
49580527,Freddie,Comley,fcomleyq8@ox.ac.uk,38,0,8 Mifflin Parkway
83578736,Dwain,Sainsbury,dsainsburyq9@nbcnews.com,16,1,28565 Clemons Junction
63271527,Bealle,Ladewig,bladewigqa@liveinternet.ru,45,0,934 Sunbrook Pass
10018920,Amil,Ipsly,aipslyqb@ehow.com,24,0,347 Hanson Trail
69369209,Collin,Heephy,cheephyqc@theguardian.com,42,0,5419 Northridge Park
2824934,Lalo,Scoffins,lscoffinsqd@prnewswire.com,17,1,4 Mendota Pass
72625468,Pauly,Bounde,pboundeqe@ebay.com,20,0,204 Sundown Road
51314768,Wrennie,Abdon,wabdonqf@multiply.com,29,0,88 Pankratz Drive
13463306,Clarinda,Pietsma,cpietsmaqg@ustream.tv,21,0,680 Shasta Terrace
61761228,Bert,Cammomile,bcammomileqh@flavors.me,15,1,6 Sugar Pass
68028703,Eunice,Lartice,elarticeqi@discovery.com,6,1,083 Warrior Parkway
39773292,Milicent,Drinkall,mdrinkallqj@google.fr,24,0,46675 Sunnyside Terrace
20166217,Ricca,Danilchenko,rdanilchenkoqk@edublogs.org,21,0,0616 Ludington Alley
32731493,Thomasine,Scown,tscownql@163.com,2,0,77 Trailsway Alley
82021165,Mehetabel,Adne,madneqm@marriott.com,29,1,141 Onsgard Street
11564338,Mabel,Dubery,mduberyqn@accuweather.com,46,1,2 Armistice Drive
17887677,Johnath,Paxeford,jpaxefordqo@forbes.com,19,1,65 Dunning Lane
82668001,Chaunce,Belfit,cbelfitqp@elpais.com,46,1,0324 Golf Avenue
42946473,Doralyn,Pitbladdo,dpitbladdoqq@tumblr.com,17,1,4 Northwestern Hill
52715860,Douglass,Philbrook,dphilbrookqr@jugem.jp,40,1,238 Coleman Terrace
95213615,Rebecca,Pauncefoot,rpauncefootqs@moonfruit.com,49,1,96 Meadow Ridge Road
98471727,Delora,Brimilcome,dbrimilcomeqt@ameblo.jp,20,1,90255 Blackbird Plaza
29289484,Spike,Myner,smynerqu@gravatar.com,10,1,4258 Vahlen Hill
88073824,Urban,Wybern,uwybernqv@reddit.com,31,0,18 Vernon Junction
9764556,Karlen,Bouchier,kbouchierqw@amazon.de,32,1,6 Pierstorff Way
22711482,Hilly,Shimoni,hshimoniqx@simplemachines.org,2,0,644 Ridgeway Lane
16824910,Lindy,Tapsfield,ltapsfieldqy@storify.com,19,0,83 Talmadge Center
62320164,Yoshiko,Wildber,ywildberqz@spotify.com,1,0,26838 Darwin Trail
39629922,Yank,Scarre,yscarrer0@home.pl,47,0,5055 Menomonie Park
64427892,Boigie,Lauder,blauderr1@bigcartel.com,49,0,62658 Dovetail Trail
54167714,Hardy,Yakhin,hyakhinr2@deviantart.com,8,0,4 Kingsford Circle
3912900,Mildred,Marmon,mmarmonr3@elegantthemes.com,12,1,235 Judy Place
3465644,Janka,Dyas,jdyasr4@virginia.edu,2,0,99084 Moose Alley
84383796,Zita,Venney,zvenneyr5@hp.com,25,1,957 Shopko Way
6544389,Holly-anne,Cleeves,hcleevesr6@icio.us,40,0,33 Londonderry Alley
25439989,Sawyer,Maseres,smaseresr7@mac.com,12,1,6 Scott Plaza
87815998,Siouxie,Gwillym,sgwillymr8@prnewswire.com,37,0,97620 Bayside Circle
38629533,Steven,Fettis,sfettisr9@gov.uk,37,1,2 Hermina Court
20702720,Chris,Rice,cricera@shareasale.com,6,0,80543 Mayer Junction
63039138,Amanda,Williamson,awilliamsonrb@yellowbook.com,36,1,2456 Ilene Plaza
59853273,Enrique,Reinisch,ereinischrc@hhs.gov,43,1,5 Menomonie Plaza
44871651,Rasla,Jiggins,rjigginsrd@google.ru,18,1,24485 Eliot Avenue
86213759,Damien,Mayfield,dmayfieldre@mozilla.com,48,1,22 Anniversary Trail
95835957,Neely,Anthona,nanthonarf@comsenz.com,22,1,2 Canary Circle
49249253,Nealy,Tarborn,ntarbornrg@g.co,14,0,4526 Emmet Alley
49202980,Gifford,Frankcom,gfrankcomrh@webnode.com,6,1,7462 Northfield Pass
59261214,Edik,Neasham,eneashamri@indiatimes.com,36,1,39771 Old Gate Way
69217064,Russ,Purkiss,rpurkissrj@yellowbook.com,5,0,15 Dapin Alley
60166623,Tyrus,Elwood,telwoodrk@twitter.com,16,1,2827 2nd Center
18988327,Olga,Chippendale,ochippendalerl@lycos.com,48,1,2 Bashford Crossing
72023344,Sheilah,Reilinger,sreilingerrm@mysql.com,30,1,0 Sage Lane
86710109,Theodor,Pioli,tpiolirn@google.pl,35,1,5767 Granby Drive
59694775,Ros,Westbrook,rwestbrookro@unblog.fr,47,0,1660 Clyde Gallagher Center
62396319,Juana,Poate,jpoaterp@tmall.com,36,1,90 Prairie Rose Drive
50467911,Sibley,Huban,shubanrq@apple.com,31,1,34413 Kropf Center
76167760,Carmela,Wannell,cwannellrr@irs.gov,10,1,64 Doe Crossing Park
